image_id,filename,filepath,category,source_dataset,title,description,width,height,source_type,degradation_type,degradation_level,human_score,notes
CLO_001,CLO_001.jpg,dataset/originals/clothing/CLO_001.jpg,clothing,bootstrap_existing_dataset,CLO_001,CLO_001,800,800,original,,,,Recovered from existing dataset files.
CLO_002,CLO_002.jpg,dataset/originals/clothing/CLO_002.jpg,clothing,bootstrap_existing_dataset,CLO_002,CLO_002,2000,2000,original,,,,Recovered from existing dataset files.
CLO_003,CLO_003.jpg,dataset/originals/clothing/CLO_003.jpg,clothing,bootstrap_existing_dataset,CLO_003,CLO_003,886,1024,original,,,,Recovered from existing dataset files.
CLO_004,CLO_004.jpg,dataset/originals/clothing/CLO_004.jpg,clothing,bootstrap_existing_dataset,CLO_004,CLO_004,2000,2000,original,,,,Recovered from existing dataset files.
CLO_005,CLO_005.jpg,dataset/originals/clothing/CLO_005.jpg,clothing,bootstrap_existing_dataset,CLO_005,CLO_005,1000,1000,original,,,,Recovered from existing dataset files.
CLO_006,CLO_006.jpg,dataset/originals/clothing/CLO_006.jpg,clothing,bootstrap_existing_dataset,CLO_006,CLO_006,1500,1500,original,,,,Recovered from existing dataset files.
CLO_007,CLO_007.jpg,dataset/originals/clothing/CLO_007.jpg,clothing,bootstrap_existing_dataset,CLO_007,CLO_007,1200,1440,original,,,,Recovered from existing dataset files.
CLO_008,CLO_008.jpg,dataset/originals/clothing/CLO_008.jpg,clothing,bootstrap_existing_dataset,CLO_008,CLO_008,2250,3000,original,,,,Recovered from existing dataset files.
CLO_009,CLO_009.jpg,dataset/originals/clothing/CLO_009.jpg,clothing,bootstrap_existing_dataset,CLO_009,CLO_009,800,1200,original,,,,Recovered from existing dataset files.
CLO_010,CLO_010.jpg,dataset/originals/clothing/CLO_010.jpg,clothing,bootstrap_existing_dataset,CLO_010,CLO_010,1000,1233,original,,,,Recovered from existing dataset files.
CLO_011,CLO_011.jpg,dataset/originals/clothing/CLO_011.jpg,clothing,bootstrap_existing_dataset,CLO_011,CLO_011,800,800,original,,,,Recovered from existing dataset files.
CLO_012,CLO_012.jpg,dataset/originals/clothing/CLO_012.jpg,clothing,bootstrap_existing_dataset,CLO_012,CLO_012,1000,1000,original,,,,Recovered from existing dataset files.
CLO_013,CLO_013.jpg,dataset/originals/clothing/CLO_013.jpg,clothing,bootstrap_existing_dataset,CLO_013,CLO_013,800,800,original,,,,Recovered from existing dataset files.
CLO_014,CLO_014.jpg,dataset/originals/clothing/CLO_014.jpg,clothing,bootstrap_existing_dataset,CLO_014,CLO_014,1000,1000,original,,,,Recovered from existing dataset files.
CLO_015,CLO_015.jpg,dataset/originals/clothing/CLO_015.jpg,clothing,bootstrap_existing_dataset,CLO_015,CLO_015,2362,2362,original,,,,Recovered from existing dataset files.
CLO_016,CLO_016.jpg,dataset/originals/clothing/CLO_016.jpg,clothing,bootstrap_existing_dataset,CLO_016,CLO_016,1000,1000,original,,,,Recovered from existing dataset files.
CLO_017,CLO_017.jpg,dataset/originals/clothing/CLO_017.jpg,clothing,bootstrap_existing_dataset,CLO_017,CLO_017,2400,2400,original,,,,Recovered from existing dataset files.
CLO_018,CLO_018.jpg,dataset/originals/clothing/CLO_018.jpg,clothing,bootstrap_existing_dataset,CLO_018,CLO_018,1400,1400,original,,,,Recovered from existing dataset files.
CLO_019,CLO_019.jpg,dataset/originals/clothing/CLO_019.jpg,clothing,bootstrap_existing_dataset,CLO_019,CLO_019,800,800,original,,,,Recovered from existing dataset files.
CLO_020,CLO_020.jpg,dataset/originals/clothing/CLO_020.jpg,clothing,bootstrap_existing_dataset,CLO_020,CLO_020,1800,1790,original,,,,Recovered from existing dataset files.
CLO_021,CLO_021.jpg,dataset/originals/clothing/CLO_021.jpg,clothing,bootstrap_existing_dataset,CLO_021,CLO_021,1201,1800,original,,,,Recovered from existing dataset files.
CLO_022,CLO_022.jpg,dataset/originals/clothing/CLO_022.jpg,clothing,bootstrap_existing_dataset,CLO_022,CLO_022,1200,1200,original,,,,Recovered from existing dataset files.
CLO_023,CLO_023.jpg,dataset/originals/clothing/CLO_023.jpg,clothing,bootstrap_existing_dataset,CLO_023,CLO_023,1000,1500,original,,,,Recovered from existing dataset files.
CLO_024,CLO_024.jpg,dataset/originals/clothing/CLO_024.jpg,clothing,bootstrap_existing_dataset,CLO_024,CLO_024,1500,971,original,,,,Recovered from existing dataset files.
CLO_025,CLO_025.jpg,dataset/originals/clothing/CLO_025.jpg,clothing,bootstrap_existing_dataset,CLO_025,CLO_025,1000,1000,original,,,,Recovered from existing dataset files.
CLO_026,CLO_026.jpg,dataset/originals/clothing/CLO_026.jpg,clothing,bootstrap_existing_dataset,CLO_026,CLO_026,800,1067,original,,,,Recovered from existing dataset files.
CLO_027,CLO_027.jpg,dataset/originals/clothing/CLO_027.jpg,clothing,bootstrap_existing_dataset,CLO_027,CLO_027,1200,1800,original,,,,Recovered from existing dataset files.
CLO_028,CLO_028.jpg,dataset/originals/clothing/CLO_028.jpg,clothing,bootstrap_existing_dataset,CLO_028,CLO_028,1024,1024,original,,,,Recovered from existing dataset files.
CLO_029,CLO_029.jpg,dataset/originals/clothing/CLO_029.jpg,clothing,bootstrap_existing_dataset,CLO_029,CLO_029,2000,1500,original,,,,Recovered from existing dataset files.
CLO_030,CLO_030.jpg,dataset/originals/clothing/CLO_030.jpg,clothing,bootstrap_existing_dataset,CLO_030,CLO_030,800,1000,original,,,,Recovered from existing dataset files.
CLO_031,CLO_031.jpg,dataset/originals/clothing/CLO_031.jpg,clothing,bootstrap_existing_dataset,CLO_031,CLO_031,800,800,original,,,,Recovered from existing dataset files.
CLO_032,CLO_032.jpg,dataset/originals/clothing/CLO_032.jpg,clothing,bootstrap_existing_dataset,CLO_032,CLO_032,1000,1000,original,,,,Recovered from existing dataset files.
CLO_033,CLO_033.jpg,dataset/originals/clothing/CLO_033.jpg,clothing,bootstrap_existing_dataset,CLO_033,CLO_033,1200,1600,original,,,,Recovered from existing dataset files.
CLO_034,CLO_034.jpg,dataset/originals/clothing/CLO_034.jpg,clothing,bootstrap_existing_dataset,CLO_034,CLO_034,800,800,original,,,,Recovered from existing dataset files.
CLO_035,CLO_035.jpg,dataset/originals/clothing/CLO_035.jpg,clothing,bootstrap_existing_dataset,CLO_035,CLO_035,1000,1000,original,,,,Recovered from existing dataset files.
CLO_036,CLO_036.jpg,dataset/originals/clothing/CLO_036.jpg,clothing,bootstrap_existing_dataset,CLO_036,CLO_036,1024,1024,original,,,,Recovered from existing dataset files.
CLO_037,CLO_037.jpg,dataset/originals/clothing/CLO_037.jpg,clothing,bootstrap_existing_dataset,CLO_037,CLO_037,800,800,original,,,,Recovered from existing dataset files.
CLO_038,CLO_038.jpg,dataset/originals/clothing/CLO_038.jpg,clothing,bootstrap_existing_dataset,CLO_038,CLO_038,1200,1200,original,,,,Recovered from existing dataset files.
CLO_039,CLO_039.jpg,dataset/originals/clothing/CLO_039.jpg,clothing,bootstrap_existing_dataset,CLO_039,CLO_039,1000,1000,original,,,,Recovered from existing dataset files.
CLO_040,CLO_040.jpg,dataset/originals/clothing/CLO_040.jpg,clothing,bootstrap_existing_dataset,CLO_040,CLO_040,1000,1000,original,,,,Recovered from existing dataset files.
CLO_041,CLO_041.jpg,dataset/originals/clothing/CLO_041.jpg,clothing,bootstrap_existing_dataset,CLO_041,CLO_041,1001,1500,original,,,,Recovered from existing dataset files.
CLO_042,CLO_042.jpg,dataset/originals/clothing/CLO_042.jpg,clothing,bootstrap_existing_dataset,CLO_042,CLO_042,1000,1000,original,,,,Recovered from existing dataset files.
CLO_043,CLO_043.jpg,dataset/originals/clothing/CLO_043.jpg,clothing,bootstrap_existing_dataset,CLO_043,CLO_043,1000,1500,original,,,,Recovered from existing dataset files.
CLO_044,CLO_044.jpg,dataset/originals/clothing/CLO_044.jpg,clothing,bootstrap_existing_dataset,CLO_044,CLO_044,1000,1000,original,,,,Recovered from existing dataset files.
CLO_045,CLO_045.jpg,dataset/originals/clothing/CLO_045.jpg,clothing,Shopify/product-catalogue,"In My Pregnant Era 2 Sides Shirt, Pregnancy Sweatshirt, Gift for New Mom, Pregnant Women Tee, Baby Reveal Gift, Mother's Day Gift, Cute New Mom Tee","🔥 Welcome to Our Store! Explore our collection of T-Shirts, Hoodies, and Sweatshirts , designed for ultimate comfort and everyday style. ✨ Why You'll Love Our Products T-Shirts: 100% cotton – soft, breathable, and durable. Hoodies: 50% cotton, 50% polyester – cozy, warm, and stylish. Sweatshirts: 50% cotton, 50% polyester – perfect for layering with a minimalist look. Advanced Printing Technology: Our designs are printed directly on the fabric, ensuring long-lasting and fade-resistant prints. 🌈 Color Chart 📌 Check the color chart below to pick your favorite color: 📏 Size Chart 📌 Refer to the size chart below for the best fit: 🛒 How to Order Check the color and size chart above. Select your size and color from the menu. Add to cart and proceed to checkout. 🚚 Process and Shipping Production Time: 1–3 business days. USA Orders / Standard: 3–7 business days. USA Orders / Rush: 3–5 business days. International Orders: 1–2 weeks. ⚠️ Important Note No returns or exchanges for wrong size choices, as all products are made to order. Please double-check before purchasing. If there are any issues with the product, feel free to message us for assistance. 💖 Thank you for shopping with us!",800,800,original,,,,"Accepted (laplacian=403.00, contrast=98.68, area=0.119); source_category=Apparel & Accessories > Clothing > Maternity Clothing > Maternity Tops > T-Shirts"
CLO_046,CLO_046.jpg,dataset/originals/clothing/CLO_046.jpg,clothing,Shopify/product-catalogue,"Hudson Baby Mink with Faux Fur Lining Pool and Beach Robe Cover-ups, Peace Love Flowers","Hudson Baby pool and beach mink faux fur robe cover-up is made of super soft, cozy plush and faux fur material to dry and warm baby after bath or pool time. Our cozy fabric will be the perfect robe to wrap your baby in after post-water activities. Our detailed animal hood designs are sure to make bath time more fun and adventurous.",2000,2000,original,,,,"Accepted (laplacian=260.24, contrast=30.99, area=0.712); source_category=Apparel & Accessories > Clothing > Baby & Toddler Clothing > Baby & Toddler Swimwear > Swim Dresses"
CLO_047,CLO_047.jpg,dataset/originals/clothing/CLO_047.jpg,clothing,Shopify/product-catalogue,Dennys Money Pocket Apron,Dennys Money Pocket Apron,886,1024,original,,,,"Accepted (laplacian=177.08, contrast=106.43, area=0.448); source_category=Apparel & Accessories > Clothing > Uniforms > Food Service Uniforms"
CLO_048,CLO_048.jpg,dataset/originals/clothing/CLO_048.jpg,clothing,Shopify/product-catalogue,Unisex windbreaker,"Whether you’re hiking, camping, or just running errands, this casual, sporty windbreaker’s got you covered. It’s very lightweight, durable, and water-repellent. This unisex windbreaker has a zipped closure and elasticated cuffs for a snug fit and comfortable wear. It also has two zipped pockets to store your essentials while on the move. This classic windbreaker will keep you both fashionable and protected on all your adventures. • 100% polyamide • Fabric weight: 7.13 oz./yd.² (202 g/m²) • Regular fit • Hood with a drawstring, zipped closure, elastic cuffs and hem • 2 zipped pockets • This product’s fabric is OEKO-TEX Standard 100 certified and PETA-Approved Vegan This product is made especially for you as soon as you place an order, which is why it takes us a bit longer to deliver it to you. Making products on demand instead of in bulk helps reduce overproduction, so thank you for making thoughtful purchasing decisions!",2000,2000,original,,,,"Accepted (laplacian=120.43, contrast=111.04, area=0.864); source_category=Apparel & Accessories > Clothing > Outerwear > Coats & Jackets > Windbreakers"
CLO_049,CLO_049.jpg,dataset/originals/clothing/CLO_049.jpg,clothing,Shopify/product-catalogue,"250% Density Chocolate Brown Lace Front Wig Human Hair 13x4 Body Wave Lace Front Wigs with Baby Hair Colored Human Hair Wigs For Women HD Transparent Lace Front Wig(18 Inch,Chocolate Brown Wig)",Brand: FKFO Details: chocolate brown lace front wig light brown wig chocolate brown wig brunette wig long brown wig light brown human hair wig chocolate brown human hair wig brown lace front wig light brown wig human hair brown glueless wig brown 13x6 hd lace front wigs human hair chocolate wig brown wigs human hair chocolate brown wig human hair chestnut brown human hair wig light brown lace front wigs human hair long dark brown wig chocolate brown glueless wig human hair chocolate brown lace front wig human hair 13x6 chocolate brown hd lace frontal wig,1000,1000,original,,,,"Accepted (laplacian=423.28, contrast=59.90, area=1.000); source_category=Apparel & Accessories > Clothing Accessories > Hair Accessories > Wigs"
CLO_050,CLO_050.jpg,dataset/originals/clothing/CLO_050.jpg,clothing,Shopify/product-catalogue,Veste Bleu - 2 ans,Veste à rayures bleu et blanc.,1500,1500,original,,,,"Accepted (laplacian=1008.28, contrast=60.25, area=0.642); source_category=Apparel & Accessories > Clothing > Baby & Toddler Clothing > Baby & Toddler Outerwear > Baby & Toddler Coats & Jackets > Sport Jackets"
CLO_051,CLO_051.jpg,dataset/originals/clothing/CLO_051.jpg,clothing,Shopify/product-catalogue,Black/Grey/Orange - Work-Guard lite trousers,"Part of our new and innovative LITE mix and match range the R318X trousers bring you the perfect solution on hot summer days. With water repellent protection, strong and durable lightweight fabrics and a functional yet stylish design, this member of our LITE family is the coolest choice when the going gets hot! Breathable. Windproof. Water-repellent fabric.",1200,1440,original,,,,"Accepted (laplacian=144.42, contrast=101.00, area=0.251); source_category=Apparel & Accessories > Clothing > Uniforms > Contractor Pants & Coveralls"
CLO_052,CLO_052.jpg,dataset/originals/clothing/CLO_052.jpg,clothing,Shopify/product-catalogue,OSH25WBCD19118TM1,Town Team - Over Shirts,2250,3000,original,,,,"Accepted (laplacian=3275.95, contrast=83.49, area=0.648); source_category=Apparel & Accessories > Clothing > Clothing Tops > Overshirts"
CLO_053,CLO_053.jpg,dataset/originals/clothing/CLO_053.jpg,clothing,Shopify/product-catalogue,Cut Out Lace Back Hipster,Imported S.M.L.XL Youmita Cut Out Lace Back Hipster Gold Metallic Stud Detail Stretchy Lace Leg Band 85% Nylon / 15% Spandex Rhubarb BUL Cut Out Lace Back Hipster,800,1200,original,,,,"Accepted (laplacian=116.32, contrast=78.77, area=0.112); source_category=Apparel & Accessories > Clothing > Girls' Underwear > Girls' Underpants > Hipsters"
CLO_054,CLO_054.jpg,dataset/originals/clothing/CLO_054.jpg,clothing,Shopify/product-catalogue,Pull crop top de grossesse et d'allaitement Gaspard noir,"Le pull crop de grossesse et d'allaitement Gaspard sera la pièce de mode confort pour cet hiver. Parfait pour vous garder au chaud, il saura aussi vous apporter une douceur inégalée grâce à sa laine d’Alpaga. Fabriqué en Europe et conçu avec de l ’Alpaga superfine, une laine de grande qualité respectueuse de son environnement, Gaspard est un pull de maternité éco-responsable certifiée OEKO-TEX STANDARD 100.",1000,1233,original,,,,"Accepted (laplacian=102.68, contrast=81.81, area=0.854); source_category=Apparel & Accessories > Clothing > Maternity Clothing > Maternity Tops > Nursing Shirts"
CLO_055,CLO_055.jpg,dataset/originals/clothing/CLO_055.jpg,clothing,Shopify/product-catalogue,Capslab Dragon Ball Super Goku trucker Cap CL-DBS-1-ULT2,Capslab Dragon Ball Super Goku trucker Cap Features: Universal baseball cap. Slightly rounded brim Adjustable circumference Embroidered graphics on the front Manufacturer's logo unisex Color: brown,800,800,original,,,,"Accepted (laplacian=1386.53, contrast=100.72, area=0.681); source_category=Apparel & Accessories > Clothing Accessories > Hats > Trucker Hats"
CLO_056,CLO_056.jpg,dataset/originals/clothing/CLO_056.jpg,clothing,Shopify/product-catalogue,【中古】埼玉県 さいたま市立与野南中学校 女子制服 3点（ベスト・スカート）sf008580,ベスト 表記サイズ：M 肩幅：34 商品状態：使用感はあるが、ダメージは比較的目立たない 個数：2 スカート ウエスト：63 スカート丈：60 商品状態：使用感はあるが、ダメージは比較的目立たない 個数：1,1000,1000,original,,,,"Accepted (laplacian=98.43, contrast=91.50, area=0.329); source_category=Apparel & Accessories > Clothing > Uniforms > School Uniforms"
CLO_057,CLO_057.jpg,dataset/originals/clothing/CLO_057.jpg,clothing,Shopify/product-catalogue,Ice silk face protection cycling hood,"Outdoor Sunblock Ice Silk Cycling Mask Wind/dust/sand/Sun protection Effective face protection Suitable for sports, cycling, fishing and other outdoor activities It's time to travel. Pack your sun and dust protection essentials! FEATURES Good motorcycle riding partner ""full cover protection."" There are no dead ends. Breathable/light and breathable/Real ice silk cooling Lightweight fit and elasticity A great headpiece for riding a motorcycle is thin, light, elastic and more suitable for a motorcycle helmet. Helmet matching is available for all types of helmets half helmet, full helmet, electric helmet, electric helmet Separate eyeglass holes do not affect glasses Wearing myopia/riding glasses can be easily installed to meet the needs of different people SPECIFICATIONS Material: Ice Lycra fabric Color: Black,Hemp Gray,Fine Gray Package: 1 * Ice silk face protection cycling hood NOTE Please allow slight measurement deviations due to manual measurement. Due to the different monitor and light effect, the actual color of the item might be slightly different from the color showed in the pictures.",800,800,original,,,,"Accepted (laplacian=1012.77, contrast=68.63, area=0.304); source_category=Apparel & Accessories > Clothing Accessories > Balaclavas"
CLO_058,CLO_058.jpg,dataset/originals/clothing/CLO_058.jpg,clothing,Shopify/product-catalogue,Solidea Collant Venere 140 Denari Glace Taglia 4-l,"SOLIDEA COLLANT VENERE 140 DENARI COLORE GLACE' TAGLIA 4-L Formato Confezione da 1 paio. Collant 140 den, tutto nudo, a maglia liscia. Straordinariamente velato, morbido e confortevole. Offre un valido sostegno a gambe affaticate e pesanti, esaltandone fascino ed eleganza. La compressione graduata 18/21 mmHg aiuta la circolazione sanguigna evitando l’aggravarsi di problemi derivati da insufficienza venosa. Morbido elastico che non segna il punto vita, soffice plantare antistress al piede per una morbida base d’appoggio. Tassello igienico in cotone e cucitura piatta. Con trattamento antimicrobico. Composizione: 78% POLIAMMIDE 20% ELASTAN 2% COTONE [EAN: 8300496032731]",1000,1000,original,,,,"Accepted (laplacian=131.94, contrast=43.67, area=0.540); source_category=Apparel & Accessories > Clothing > Lingerie > Hosiery"
CLO_059,CLO_059.jpg,dataset/originals/clothing/CLO_059.jpg,clothing,Shopify/product-catalogue,Black/White Luxury Gingham Textured Weave Pocket Square,Product Details: A Luxury Microfibre Weave Pocket Square that looks and feels like Silk Perfect addition to complete the outfit Available in matching Neck Tie or Bow Tie Dimension 24cm x 24cm Read our guide on How to fold a Pocket Square Here Fabric and Care: 100% Microfibre Weave Dry Clean Only,2362,2362,original,,,,"Accepted (laplacian=113.57, contrast=107.15, area=0.153); source_category=Apparel & Accessories > Clothing Accessories > Handkerchiefs"
CLO_060,CLO_060.jpg,dataset/originals/clothing/CLO_060.jpg,clothing,Shopify/product-catalogue,Smocks & Lab Coats; Garment Style: Smock; Material: Carbon; Size: 5X-Large; Color: Burgundy; Sleeve Length: 24; Closure Type: Snaps; Chest Size: 58; Closure Locaton: Front; Chest Size (Inch): 58; Closure Location: Front,Item #: 20726469 Brand: Transforming Technologies Model #: JKV8829SPBG,1000,1000,original,,,,"Accepted (laplacian=140.70, contrast=56.95, area=0.109); source_category=Apparel & Accessories > Clothing > Uniforms & Workwear > White Coats"
POR_001,POR_001.jpg,dataset/originals/portable_electronics/POR_001.jpg,portable_electronics,bootstrap_existing_dataset,POR_001,POR_001,1000,1000,original,,,,Recovered from existing dataset files.
POR_002,POR_002.jpg,dataset/originals/portable_electronics/POR_002.jpg,portable_electronics,bootstrap_existing_dataset,POR_002,POR_002,800,800,original,,,,Recovered from existing dataset files.
POR_003,POR_003.jpg,dataset/originals/portable_electronics/POR_003.jpg,portable_electronics,bootstrap_existing_dataset,POR_003,POR_003,1200,1200,original,,,,Recovered from existing dataset files.
POR_004,POR_004.jpg,dataset/originals/portable_electronics/POR_004.jpg,portable_electronics,bootstrap_existing_dataset,POR_004,POR_004,1000,1000,original,,,,Recovered from existing dataset files.
POR_005,POR_005.jpg,dataset/originals/portable_electronics/POR_005.jpg,portable_electronics,bootstrap_existing_dataset,POR_005,POR_005,1000,1000,original,,,,Recovered from existing dataset files.
POR_006,POR_006.jpg,dataset/originals/portable_electronics/POR_006.jpg,portable_electronics,bootstrap_existing_dataset,POR_006,POR_006,1920,1440,original,,,,Recovered from existing dataset files.
POR_007,POR_007.jpg,dataset/originals/portable_electronics/POR_007.jpg,portable_electronics,bootstrap_existing_dataset,POR_007,POR_007,1000,1000,original,,,,Recovered from existing dataset files.
POR_008,POR_008.jpg,dataset/originals/portable_electronics/POR_008.jpg,portable_electronics,bootstrap_existing_dataset,POR_008,POR_008,1280,1152,original,,,,Recovered from existing dataset files.
POR_009,POR_009.jpg,dataset/originals/portable_electronics/POR_009.jpg,portable_electronics,bootstrap_existing_dataset,POR_009,POR_009,2560,1862,original,,,,Recovered from existing dataset files.
POR_010,POR_010.jpg,dataset/originals/portable_electronics/POR_010.jpg,portable_electronics,bootstrap_existing_dataset,POR_010,POR_010,1000,1000,original,,,,Recovered from existing dataset files.
POR_011,POR_011.jpg,dataset/originals/portable_electronics/POR_011.jpg,portable_electronics,bootstrap_existing_dataset,POR_011,POR_011,1600,1600,original,,,,Recovered from existing dataset files.
POR_012,POR_012.jpg,dataset/originals/portable_electronics/POR_012.jpg,portable_electronics,bootstrap_existing_dataset,POR_012,POR_012,1000,1000,original,,,,Recovered from existing dataset files.
POR_013,POR_013.jpg,dataset/originals/portable_electronics/POR_013.jpg,portable_electronics,bootstrap_existing_dataset,POR_013,POR_013,983,851,original,,,,Recovered from existing dataset files.
POR_014,POR_014.jpg,dataset/originals/portable_electronics/POR_014.jpg,portable_electronics,bootstrap_existing_dataset,POR_014,POR_014,1000,1000,original,,,,Recovered from existing dataset files.
POR_015,POR_015.jpg,dataset/originals/portable_electronics/POR_015.jpg,portable_electronics,bootstrap_existing_dataset,POR_015,POR_015,1000,1000,original,,,,Recovered from existing dataset files.
POR_016,POR_016.jpg,dataset/originals/portable_electronics/POR_016.jpg,portable_electronics,bootstrap_existing_dataset,POR_016,POR_016,1000,806,original,,,,Recovered from existing dataset files.
POR_017,POR_017.jpg,dataset/originals/portable_electronics/POR_017.jpg,portable_electronics,bootstrap_existing_dataset,POR_017,POR_017,1512,2016,original,,,,Recovered from existing dataset files.
POR_018,POR_018.jpg,dataset/originals/portable_electronics/POR_018.jpg,portable_electronics,bootstrap_existing_dataset,POR_018,POR_018,1080,1080,original,,,,Recovered from existing dataset files.
POR_019,POR_019.jpg,dataset/originals/portable_electronics/POR_019.jpg,portable_electronics,bootstrap_existing_dataset,POR_019,POR_019,2500,2500,original,,,,Recovered from existing dataset files.
POR_020,POR_020.jpg,dataset/originals/portable_electronics/POR_020.jpg,portable_electronics,bootstrap_existing_dataset,POR_020,POR_020,800,800,original,,,,Recovered from existing dataset files.
POR_021,POR_021.jpg,dataset/originals/portable_electronics/POR_021.jpg,portable_electronics,bootstrap_existing_dataset,POR_021,POR_021,800,800,original,,,,Recovered from existing dataset files.
POR_022,POR_022.jpg,dataset/originals/portable_electronics/POR_022.jpg,portable_electronics,bootstrap_existing_dataset,POR_022,POR_022,2000,1337,original,,,,Recovered from existing dataset files.
POR_023,POR_023.jpg,dataset/originals/portable_electronics/POR_023.jpg,portable_electronics,bootstrap_existing_dataset,POR_023,POR_023,2550,3300,original,,,,Recovered from existing dataset files.
POR_024,POR_024.jpg,dataset/originals/portable_electronics/POR_024.jpg,portable_electronics,bootstrap_existing_dataset,POR_024,POR_024,800,800,original,,,,Recovered from existing dataset files.
POR_025,POR_025.jpg,dataset/originals/portable_electronics/POR_025.jpg,portable_electronics,bootstrap_existing_dataset,POR_025,POR_025,1600,1600,original,,,,Recovered from existing dataset files.
POR_026,POR_026.jpg,dataset/originals/portable_electronics/POR_026.jpg,portable_electronics,bootstrap_existing_dataset,POR_026,POR_026,3600,3239,original,,,,Recovered from existing dataset files.
POR_027,POR_027.jpg,dataset/originals/portable_electronics/POR_027.jpg,portable_electronics,bootstrap_existing_dataset,POR_027,POR_027,1525,1600,original,,,,Recovered from existing dataset files.
POR_028,POR_028.jpg,dataset/originals/portable_electronics/POR_028.jpg,portable_electronics,Shopify/product-catalogue,3pcs LM317 DC-DC Converter Buck Step Down Module Linear Regulator Adjustable Voltage Regulator Power Supply Board,"Feature: Output Current: 1.5A (minimum), 2.2A (typ) Input and output voltage difference (VI-VO): 40Vdc (max) Adjustable output voltage range: 1.2 ~ 37V Operating temperature: -55 to +150 Output Current: 1.5A Input voltage: 4.2 ~ 40 V Characteristics Frequency: 100 (MHz) Module size: 35.6 (mm) x16.8 (mm) Input: VIN positive input stage, GND negative input Output: VOUT output positive level, GND output negative Maximum output current: maximum output current = 3 / (Input voltage - output voltage) Applications: Mobile phone, MP3, MP4, PSP and much other charging equipment Package includes: 3 x Adjustable Linear Regulator",1000,1000,original,,,,"Accepted (laplacian=423.94, contrast=73.76, area=0.148); source_category=Electronics > Circuit Boards & Components"
POR_029,POR_029.jpg,dataset/originals/portable_electronics/POR_029.jpg,portable_electronics,Shopify/product-catalogue,Mobiltelefon reflektionskamera,"FUNKTIONER [Hållbar] Satsen är tillverkad av legering och har en stabil struktur samtidigt som den är lätt och hållbar. Spegeln är tillverkad av högkvalitativt glas och är skakfri med en vanlig dämpningsdesign. [Öka kapaciteten för bakre kameran] Den är lämplig för vloggers, bloggare, videografer och fotografer som vill ha maximal prestanda på sociala medier som YouTube, Facebook, TikTok, eller om du bara vill ha bra kvalitet på video som fångats av din mest briljanta kameramobil. SPECIFIKATIONER Färg: Svart, Vit Vikt: 100g Paketet innehåller: 1 * mobiltelefon reflektionskamera + 1 * organisatör + 1 * dammfri trasa OBS Vänligen tillåt en liten storleksskillnad på grund av manuell mätning. På grund av olika skärm och ljuseffekter kan den faktiska färgen på föremålet skilja sig något från färgen som visas på bilderna.",800,800,original,,,,"Accepted (laplacian=1860.00, contrast=50.70, area=0.389); source_category=Electronics > Communications > Telephony > Mobile & Smart Phone Accessories > Mobile Phone Camera Accessories > Remote Shutters"
POR_030,POR_030.jpg,dataset/originals/portable_electronics/POR_030.jpg,portable_electronics,Shopify/product-catalogue,FUJIFILM FT-XH File Transmitter Grip,"FUJIFILM FT-XH File Transmitter Grip The FT-XH File Transmitter Grip vastly improves the networking capabilities of the camera. It has fast Wi-Fi connectivity, with speeds up to 600 Mb/s, along with wired LAN connectivity for in-studio tethered shooting. Remote recording by wired LAN or wireless LAN; capable of controlling up to four X-H2S cameras from a browser at the same time The file transmitter also brings the usual benefits of a battery grip, such as shooting in the vertical orientation and being able to accept two additional NP-W235 rechargeable lithium-ion batteries to increase shooting capacity. In terms of its physical design, the extended shape incorporates a secondary shutter release button as well as a focus lever, AE-L button, AF-ON button, front and rear command dials, and Q button to mimic the camera's own layout for intuitive handling. The file transmitter also brings the usual benefits of a battery grip, such as shooting in the vertical orientation and being able to accept two additional NP-W235 rechargeable lithium-ion batteries to increase shooting capacity This file transmitter features wired LAN connectivity and high-speed wireless communications capability, essential for in-studio tethered shooting or sports/media shooting When used with the X-H2 or X-H2S, it allows FTP transfer, tethered shooting, and remote recording Specifications: Transfer Speeds Up to 600 Mb/s Holds 2 x NP-W235 Batteries Extended Grip for Vertical Composition Compatible with X-H2S and X-H2 Camera Attachment: 1/4 - 20 Male",1200,1200,original,,,,"Accepted (laplacian=268.28, contrast=102.46, area=0.679); source_category=Cameras & Optics > Camera & Optic Accessories > Camera Parts & Accessories > Camera Grips > Battery Grips"
POR_031,POR_031.jpg,dataset/originals/portable_electronics/POR_031.jpg,portable_electronics,Shopify/product-catalogue,Energizer Lithium Battery L91,"High power-efficient high-tech digital equipment lithium batteries! lithium battery specifications: aa voltage: 1.5 V features: 2900mah up to seven times longer than energizer max use until the end of its life, maintain a constant output, digital high-tech devices that require high power efficiency, shoot digital cameras: up to 600 sheets, 33% lighter weight than ordinary alkaline batteries, operating temperature 0 ~ 60 shelf life: 15 years",1000,1000,original,,,,"Accepted (laplacian=979.72, contrast=69.99, area=0.145); source_category=Electronics > Electronics Accessories > Power > Batteries"
POR_032,POR_032.jpg,dataset/originals/portable_electronics/POR_032.jpg,portable_electronics,Shopify/product-catalogue,3 in 1 Carry Sleeve Invisible Laptop Stand 15 to 16 Inches with,"Sleek and compact carry sleeve with an invisible built-in stand. Instant conversion to a laptop stand with adjustable modes between 15° and 25°. Expandable storage and the card slot for essentials. Constructed with vegan-leather, scratch and water-resistant. Sturdy fold-in triangle structure, it holds up to 22 lbs. 3-IN-1 LAPTOP SLEEVE & STAND WITH EXPANDABLE STORAGE Protects and Supports The MOFT Carry Sleeve transcends traditional laptop sleeves with an innovative 3-in-1 design that gives you the safety and protection of a sleeve, the ergonomics of a stand, the carry-on essentials of a storage bag , and a look that lets you commute in style. SMART STRUCTURAL DESIGN Transforms From a Sleeve to a Stand With its patented smart-folding design, The MOFT Carry Sleeve folds into a stand in less than a second, bringing you ergonomic satisfaction anywhere. DUAL-ANGLE ADJUSTMENT Work Like a Pro, Anywhere Adjusts to two angles: browsing or video conferencing will be comfortable at the 25° angle, which is the highest angle among the sleeves, while the 15° is ideal for uninterrupted viewing and typing. INNOVATIVE STORAGE Take All Your Essentials. No Sweat. Carries all essentials with an expandable neoprene storage feature integrated into the sleeve to hold and organize in place all essentials like power adapters, cell phones, notepads, etc. PREMIUM VEGAN LEATHER Soft and Durable Made with customized PU material and fiberglass, making it slim, lightweight and durable while looking superb. You can carry your laptop in sleek style, without the bulk.",1000,1000,original,,,,"Accepted (laplacian=195.87, contrast=98.29, area=0.539); source_category=Electronics > Electronics Accessories > Computer Accessories > Computer Risers & Stands"
POR_033,POR_033.jpg,dataset/originals/portable_electronics/POR_033.jpg,portable_electronics,Shopify/product-catalogue,Nikon Z7 II (boitier nu),"Aucune toile n’est trop grande. Aucun détail n’est trop petit. Portez une attention particulière aux détails. Adoptez une éthique de travail audacieuse. Soyez performant en toutes occasions. Découvrez l’appareil photo hybride plein format qui sera à la hauteur de votre passion du détail, à chaque instant. Donnez vie à toutes vos idées avec une perfection inégalée, quelles que soient les conditions de luminosité choisies, grâce au Nikon Z 7II.",1920,1440,original,,,,"Accepted (laplacian=478.18, contrast=107.46, area=0.462); source_category=Cameras & Optics > Cameras > Digital Cameras > Mirrorless Digital Cameras"
POR_034,POR_034.jpg,dataset/originals/portable_electronics/POR_034.jpg,portable_electronics,Shopify/product-catalogue,"OTITO 11 Pro Tablette 10"" — 8 Go/512 Go avec clavier et souris","Oteeto Tab 11 Pro — Tablette Android 10"" 8 Go RAM • 512 Go • Octa-core • Android 13 • Écran IPS 1280×800 • Clavier + souris • USB-C Puissance mesurable et polyvalence au quotidien Conçue pour la productivité et le divertissement, la Tab 11 Pro associe processeur octa-core , 8 Go de RAM et stockage 512 Go pour lancer vos apps, créer du contenu et suivre vos cours sans ralentissement. Affichage IPS 10.1"" Dalle IPS 1280×800 pour des couleurs stables et un confort de lecture prolongé. Performance fluide Processeur octa-core jusqu’à 1,8 GHz + 8 Go RAM = multitâche réactif. Autonomie fiable Batterie 6000 mAh pour travailler et se divertir pendant des heures. Ce que vous gagnez Productivité immédiate avec clavier, souris et stylet pour écrire, éditer, annoter. Grande capacité 512 Go + microSD pour documents, photos et vidéos. Android 13 pour les dernières fonctions et une interface simple. Caméras 8 MP / 13 MP pour visioconférences claires et captures nettes. USB-C pour charge et transfert de données rapides. Réseaux 3G/4G/5G pris en charge selon opérateur pour rester connecté en mobilité. Caractéristiques techniques Écran 10.1"" IPS LCD, 1280 × 800 px Processeur Octa-core jusqu’à 1,8 GHz Mémoire RAM 8 Go Stockage ROM 512 Go + extension microSD Système Android 13 Caméras Avant 8 MP • Arrière 13 MP Batterie 6000 mAh Connectivité Wi-Fi, Bluetooth, 3G/4G/5G (selon opérateur et modèle) Ports USB Type-C, slot microSD Accessoires Clavier, souris et stylet inclus Idéale pour Cours en ligne, prise de notes, présentations. Création légère: écriture, retouche basique, dessin avec stylet. Divertissement: streaming, réseaux sociaux, jeux occasionnels. Bureau mobile: emails, documents, tableurs. Contenu de la boîte Oteeto Tab 11 Pro Clavier + souris Stylet Câble USB-C et adaptateur secteur Guide de démarrage",1000,1000,original,,,,"Accepted (laplacian=190.01, contrast=76.07, area=0.510); source_category=Electronics > Computers > Tablet Computers"
POR_035,POR_035.jpg,dataset/originals/portable_electronics/POR_035.jpg,portable_electronics,Shopify/product-catalogue,KAWAI CN-301 Digitalpiano,"Besuchen Sie bei uns die vielfältigste Digitalpiano-Ausstellung in der Schweiz! Das CN301 ist das neueste Modell der Kawai CN Serie Digitalpianos und Nachfolger des populären CN39 Modells. Das CN301 verwendet eine verbesserte Version der Responsive Hammer III Tastatur mit besserer Tastenführung und neuer Tastendämpfung für einen leiseren Spielbetrieb. Der superbe Shigeru Kawai SK-EX Konzertflügel Sound wird jetzt dank neu designtem Netzteil noch detailierter Wiedergegeben. Das neue Low Balance Feature ermöglicht eine intelligente Klanganpassung für größtmöglichen Ausdruck besonders bei geringen Lautstärken und erstmalig in der CN Serie kommen 360° Diffusoren für die Top-Lautsprecher zum Einsatz, wodurch eine optimale Klangabstrahlung in den Raum gewährleistet wird. Zusätzlich ist das CN301 jetzt mit Bluetooth Audio Konnektivität ausgestattet, die es erlaubt kabellos Audio Songs vom Smartphone/Tablet über das CN301 abzuspielen. Die neuen Features des CN301 können intuitiv über das neu designte Bedienfeld mit großem OLED Display ausgewählt werden. Zusätzlich ist die Bedienung auch via Kawai's PianoRemote App und PiaBookPlayer App für iOS oder Android möglich, um Sounds und Einstellungen zu steuern oder Lesson Songs mit einem Smartgerät zu verwenden. Neue Features & Verbesserunge Verbessert: Responsive Hammer III Tastatur mit verbessertem Konstruktionsdesign und Geräuschdämpfung Neu: Nach oben gerichtete Lautsprecher mit 360° Diffusoren Neu: Hochwertige Netzteil für saubere Wiedergabe Neu: Low Volume Balance Feature für optimierten Ausdruck bei niedriger Lautstärke Neu: Bluetooth Audio Konnektivität für kabellose Audio Wiedergabe von Smartgeräten Verbessert: Neues Bediendesign für intuitive Bedienung Neu: Support für aktuelle PianoRemote und PiaBookPlayer Apps für iOS/Android AUTHENTISCHES SPIELGEFÜHL Die Responsive Hammer III (RHIII)-Mechanik des CN301 Digitalpianos verfügt über verschiedene Eigenschaften einer Flügelmechanik, die zur Umsetzung eines realistischen Bewegungsablaufs unabdingbar sind. Nicht zuletzt dank der präzisen 3-Sensor-Technologie erwartet den Musiker ein sehr natürliches Spielgefühl. Das Tastaturgewicht ist abgestuft, um die schwereren Basshämmer und leichteren Diskanthämmer eines mechanischen Klaviers wahrzunehmen, während strukturelle Verstärkungen in der Mechanik eine höhere Stabilität bei Fortissimo- und Stakkato-Passagen gewährleisten. Darüber hinaus verfügt das CN301 Digitalpiano über „Ivory Touch“ Tastenoberflächen von Kawai. Sie unterstützten das Spiel, indem sie Fingerfeuchtigkeit absorbieren. Zusätzlich ist die CN301 Tastatur mit einer Druckpunktsimulation ausgestattet, die für eine perfekte Kontrolle beim Pianissimo Spiel sorgt. BEEINDRUCKENDER KLANG Die wunderschönen Klänge der Kawai SK-EX und EX Konzertflügel und des SK5 Flügels sind das Herz des neuen Modells CN301 von Kawai. Alle 88 Tasten dieser außergewöhnlichen Instrumente wurden sorgfältig aufgezeichnet, präzise analysiert und werden beim Spiel auf dem Instrument in einem speziellen Verfahren reproduziert. Die individuelle Aufnahme jeder einzelnen Taste in dieser Art und deren jeweilige Wiedergabe garantieren ein exzellentes Klangbild mit dem Charakter der aufgenommenen Konzertflügel. Das Spielen dieser Klänge auf der Tastatur des CN301 ist ein einzigartiges Erlebnis. Der integrierte Hall unterstützt den schönen Ton sehr lebendig und realistisch. Mit den umfangreichen Möglichkeiten des Virtual Technician lassen sich die Klänge perfekt anpassen. Sie können z.B. Intonation, Saitenresonanz, Dämpferresonanz, Dämpfergeräusch, Hammergeräusch und andere Details einzeln justieren. Mit vielen neuen Klängen wie dem Shigeru Kawai SK5 Flügel, Electric Grand, neuen E.Pianos, neuem Cembalo, usw. weiß das CN301 zu überzeugen. BLUETOOTH AUDIO/MIDI Zusätzlich zum USB-to-host Anschluss ist das CN301 auch mit Bluetooth MIDI Technik ausgestattet, die eine kabellose Kommunikation mit Smart Devices (z.B. Smartphone oder Tablet) ermöglicht. Das gibt Ihnen die Möglichkeit, eine große Auswahl an musikbezogenen Apps wie die Kawai PianoRemote App oder die PiaBookPlayer App in Verbindung mit Ihrem CN301 Digitalpiano komfortabel einsetzen zu können. Oder nutzen Sie doch einfach die Bluetooth Audio Schnittstelle. Verbinden Sie einfach Ihr Smartphone mit dem CN301 und schon genießen Sie all Ihre Musik direkt über das Lautsprechersystem des CN301. Dies ist besonders zum Play-Along zu empfehlen. USB TO DEVICE FUNKTIONALITÄT MIT MP3/WAV AUFNAHME UND WIEDERGABE Sie können beispielsweise Daten direkt auf ein USB Speichermedium speichern oder von einem Speichermedium direkt ins Instrument einladen. Diese USB to Device Funktionalität ermöglicht das Speichern von Registrierungen und Songs (die im internen Speicher des CN301 gespeichert wurden) auf ein externes Speichermedium oder darauf gespeicherte MIDI-Files (SMF) direkt mit dem Instrument abzuspielen, ohne zusätzliche Hardware zu benötigen. Auch das direkte Abspielen von Songs Ihrer Lieblingskünstler im MP3- oder WAV-Format ist möglich. Sie können auch Ihr eigenes Spiel im MP3- oder WAV- Format aufnehmen und beispielsweise Ihren Freunden per E-Mail schicken, die Songs auf einem Smartphone oder einem PC anhören oder auf Ihrem PC auf CD brennen. Das Modell CN301 ist auch mit einem USB to host Anschluss ausgestattet, der Ihnen die Möglichkeit bietet, MIDI Daten mit einem angeschlossenen Computer auszutauschen. Zusätzlich verfügt das CN301 Digitalpiano über eine Reihe von Standard Anschlüssen wie z.B. Line-Level Ausgängen zum Anschluss an externe Verstärker zum Beschallen von großen Räumen oder Kirchen. Der Line In Anschluss ermöglicht die Wiedergabe einer externen Audioquellen über das Lautsprechersystem des CN301. WEITERE AUSSTATTUNG Die leistungsstarke Lesson Funktion im CN301 unterstützt den kommenden Pianisten beim Erlernen des Klavierspiels durch eine integrierte Sammlung für den Klavierunterricht typischer Etüden von Beyer, Czerny, Burgmüller oder Bach sowie der bekannten Alfred Piano Kurse. Jeder Übungstitel kann mit variablem Tempo und individueller Wiedergabe der linken oder rechten Hand abgespielt werden, bevor er zusammen mit dem eigenen Spiel zur Selbstkontrolle aufgenommen wird. Auch ein Vierhand Modus, der das gleichzeitige Spiel von Lehrer und Schüler bei gleicher Oktavlage ermöglicht, ist vorhanden. SHS KOPFHÖRERSYSTEM Spatial Headphone Sound (SHS) ist ein spezielles Ausstattungsmerkmal des CN301, das dem Klangbild des Akustikklavierklangs über Kopfhörer mehr räumliche Tiefe verleiht und zusätzlich das Hörerlebnis über einen längeren Zeitraum verbessert. VERSTELLBARES NOTENPULT Die Neigung des Notenpults kann – wie bei einem Konzertflügel – verändert werden, um sie der Spielerposition anzupassen. Bei Bedarf kann man das Notenpult der CN Serie auch ganz waagerecht legen. GRAND FEEL PEDAL SYSTEM Das CN301 ist mit dem Grand Feel Pedal System ausgestattet. Bei diesem von Kawai entwickelten System entspricht der Widerstand bei der Betätigung der drei Pedale (Sustain, Soft und Sostenuto) dem Pedalspielgefühl eines Shigeru Kawai SK- EX Konzertflügels. Auch auf die korrekte Positionierung der Pedale wurde geachtet. Wir erfüllen Ihre Tastenträume...",1280,1152,original,,,,"Accepted (laplacian=218.38, contrast=112.92, area=0.763); source_category=Arts & Entertainment > Hobbies & Creative Arts > Musical Instruments > Pianos > Electric Pianos"
POR_036,POR_036.jpg,dataset/originals/portable_electronics/POR_036.jpg,portable_electronics,Shopify/product-catalogue,Wahoo TRACKR Heart Rate Monitor,"Brand: Wahoo Fitness Color: White Features: Precise Performance: Provides accurate real-time heart rate data to enhance training efficiency and support optimal performance. Powered to Endure: Equipped with a high-capacity rechargeable battery with over 100 hours of active battery life, TRACKR HEART RATE is always ready to train Completely Connected: With ANT+ and Bluetooth connectivity, its simple to connect TRACKR HEART RATE to a smartphone, broadcast to a wide array of fitness equipment, and sync to the most popular training apps and accessories. Controlled Comfort: TRACKR Heart Rate offers a slim, soft, secure fit strap, which feels comfortable, but also keeps the sensor securely in place during intense exercise. Intuitive LEDs: TRACKR Heart Rate features an LED indicator during your work outs. Alerts include confirming heart rate detection, battery status and to ensure you are still connected to your training devices. Details: Precision Meets Performance: Accurate, reliable, comfortable and connected, Wahoo TRACKR Heart Rate offers everything you need from a heart rate monitor to take your performance to the next level. Release Date: 25-06-2024 Package Dimensions: 6.5 x 3.1 x 1.2 inches Languages: english Binding: Sports",2560,1862,original,,,,"Accepted (laplacian=456.43, contrast=75.84, area=0.254); source_category=Sporting Goods > Fitness & General Exercise Equipment > Cardio > Cardio Machine Accessories & Parts > Exercise Bike Accessories & Parts > Exercise Bike Heart Rate Monitors"
POR_037,POR_037.jpg,dataset/originals/portable_electronics/POR_037.jpg,portable_electronics,Shopify/product-catalogue,Laney LA15C Acoustic Guitar Combo with Chorus Effect,"The LA15 is a simple-to-use and compact amplifier combo designed specifically for acoustic instruments such as electro-acoustic guitars. It delivers pure acoustic tone with ease. LA15's instrument channel features a 3 band EQ for tone shaping plus a Shape switch – this provides a great sounding “go to” setting from a single button press. A pre-selected chorus setting can be added with a simple switch. The mini-jack AUX input allows for connection of a playback device such as MP3/iPod/CD for jamming along to songs or backing tracks, plus there is a headphone socket – a great feature for private practice or silent late-night sessions. Features: -Single Channel -15 Watts RMS -2 x 5” Custom Driver -Headphone socket -Mp3/Aux in -Great for home use -Designed specifically for acoustic instruments Specifications: -Item dimensions: 245mm x 275mm x 175mm (HWD) -Carton dimensions: 280mm x 295mm x 195mm (HWD) -Item weight: 4.1kg",1000,1000,original,,,,"Accepted (laplacian=1365.61, contrast=83.71, area=0.572); source_category=Arts & Entertainment > Hobbies & Creative Arts > Musical Instrument & Orchestra Accessories > Musical Instrument Amplifiers > Acoustic Amplifiers"
POR_038,POR_038.jpg,dataset/originals/portable_electronics/POR_038.jpg,portable_electronics,Shopify/product-catalogue,"Reflectoare de căldură pentru calorifer, 2 buc., 0.5x25 m","Această rolă de izolație reflectorizantă are lățimea de 50 cm și lungimea de 5000 cm, fiind esențială pentru îmbunătățirea eficienței energetice, indiferent unde o folosești. Finish-ul său arată grozav și se integrează perfect în orice cameră, mai ales atunci când e pusă în spatele radiatoarelor. Durabilitate: Fabricată din polietilenă de calitate, această rolă e construită să reziste și să ofere performanță constantă. Păstrează căldura eficient, pentru ca spațiile tale să rămână confortabile fără să împingă costurile de energie. Suprafață Reflectorizantă: Finish-ul strălucitor trimite căldura înapoi în cameră și îmbunătățește retenția căldurii radiatorului, ajutând să reduci facturile de încălzire și să menții confortul. Utilizare Interioară/Exterioară: Bună pentru spații interioare și exterioare, această rolă e perfectă pentru camere utilitare sau garaje, fiind versatilă pentru diverse proiecte. Poate fi folosită și în alte aplicații în afară de sistemele de încălzire. Simplicitate în Utilizare: Cu un design simplu, folosirea acestei role e la mintea cocoșului. Se potrivește bine cu decorul tău, menținând un aspect îngrijit. Disponibilitate Dimensiuni: Ai opțiunea de a alege din diverse dimensiuni potrivite nevoilor tale. Această rolă are dimensiunile 0.5 x 50 m, perfectă pentru radiatoare standard și pentru a obține maximă eficiență termică. Culoare: Argintie Formă: Altele Material: Polietilenă sintetică Finisaj: Extralucios Interior/Exterior: Interior/Exterior Camera: Cameră utilitară Baterii incluse: Nu Dimensiuni: 50 x 5000 cm (L x L x Î) Scară: Nu Marcă: Conținut livrare: Rolă reflectorizantă Asamblare necesară: Nu",1600,1600,original,,,,"Accepted (laplacian=439.91, contrast=22.93, area=0.249); source_category=Home & Garden > Household Appliance Accessories > Heating Radiator Accessories > Heating Radiator Reflectors > Heating Radiator Rolls"
POR_039,POR_039.jpg,dataset/originals/portable_electronics/POR_039.jpg,portable_electronics,Shopify/product-catalogue,Mackie HM-4 4-Way Headphone Amplifier,"Whether you need to increase your home studio headphone monitoring capability or add robust cue mix distribution, the affordable HM-4 four-channel headphone amplifier offers the sound quality, reliability and flexibility you need to expand your setup. It’s also simple to use and wildly versatile. Use it to do everything from quickly demoing a mix in the studio to recording and monitoring a round-table podcast. .iframe-container{ position: relative; width: 100%; padding-bottom: 56.25%; height: 0; } .iframe-container iframe{ position: absolute; top:0; left: 0; width: 100%; height: 100%; } Product Specifications: Number of Headphone Channels: 4-Channel Analog Audio I/O: 1x 1/4"""" TRS Unbalanced Stereo Input 4x 1/4"""" TRS Unbalanced Output Impedance: Inputs: 10 Kilohms Outputs: 47 Ohms Power Requirements: AC/DC Power Adapter (Included) AC/DC Power Adapter: 12 VDC Current Consumption: 220 mA (Max) Dimensions: 4.3 x 2 x 2.3"" / 10.9 x 5.1 x 5.8 cm Weight: 0.5 lb / 0.2 kg Shipping Weight: 0.925 lbs Shipping Dimensions (LxWxH): 7 x 5.7 x 2.85""",1000,1000,original,,,,"Accepted (laplacian=147.59, contrast=92.75, area=0.622); source_category=Electronics > Audio > Audio Components > Audio Amplifiers > Headphone Amplifiers"
POR_040,POR_040.jpg,dataset/originals/portable_electronics/POR_040.jpg,portable_electronics,Shopify/product-catalogue,"Depusheng M4 Portable Mini Mixer 4-Channel Audio Mixer DJ Console with Sound Card, Bluetooth Function, USB, 48V Phantom Power for PC Recording Webcast Party","Overview Brand : Depusheng Number of Channels : 4 Product Dimensions : 6.69""D x 5.9""W x 1.77""H Item Weight : 0.79 Kilograms Connectivity Technology : XLR, 1/4” TRS, RCA About this item 4 CHANNELS: The mixer is great for multiple devices connectivity because it has 4 channels, compatible to most audio files .There are 2 XLR/ LINE jack combo microphone input,1 pair 1/4’’ and 1 pair RCA stereo inputs. Plus 1 pair RCA stereo output and 1 pair 1/4’’ Main output plus headphone jack BLUETOOTH WIRELESS STREAMING IOS, Android smart phone to this audio mixer. Very easy to wirelessly stream all music tunes to the mixing board from Spotify or Pandora.Bluetooth works within 1.5ft USB AUDIO INTERFCE: Built-in audio interface can connect directly to your PC and record/edit/monitor high quality audio with Pro Tools/Logic Pro X/GarageBand/Audacity and more software. It provides very convenient connectivity to your audio processor CLEAN SOUND QUALITY: Portable size for small venues and for travel. It produces solid, clear, and clean sound with minimum hiss noise.The DELAY and REPEAT effects adds personality to your mixer from MAIN. It can be adapter or USB powered. Sturdy built quality aims for long-term and heavy use EASY to RECORD AND CONNECT w/PC: This delicate mixer contains a USB soundcard and audio interface to record and connect to your MAC or PC. and it can work with universal digital audio files. Compatibility is amazing and can be used by beginners or studio professional applications.【If there’s any problem,please don’t hesitate to contact us, we are very happy to help and strive for good customer service】",983,851,original,,,,"Accepted (laplacian=584.53, contrast=98.10, area=0.471); source_category=Electronics > Audio > Audio Components > Audio Mixers"
POR_041,POR_041.jpg,dataset/originals/portable_electronics/POR_041.jpg,portable_electronics,Shopify/product-catalogue,"Thermal Imaging Camera TOPDON TC003 256X192 IR High Resolution Dual-Camera, 5"" Touch Screen, -4°F~1022°F, Android 11.0 OS","☑️ High-Quality Imaging TOPDON TC003 Thermal Camera is an Android-based infrared thermal camera designed for high-quality imaging. 256x192 IR resolution, 25Hz refresh rate, and 40mk thermal sensitivity ensure a smooth and clear thermal imaging experience. The 5-inch touchscreen with 800x480 resolution is easy to navigate and can be switched between landscape and portrait modes for optimal viewing. ☑️ Hardware That Matters The TC003 thermal imager is powered by Android 11 OS and features 2GB RAM + 32GB storage, allowing you to store up to 120,000 thermal images and 45 hours of video for effortless analysis. With a 5000mAh battery, this thermal camera provides 4 hours of continuous use and comes with a free 3-year battery replacement service. The 2-megapixel visible camera enables the blending of IR images with traditional imaging for an improved view. ☑️ Industry-First OTG Functions The TC003 camera features OTG functionality, making it a versatile tool that can function as a host computer and support external devices such as endoscopes, oscilloscopes, and USB drives. The thermal imaging camera has an IP55 rating, making it suitable for various applications, including industrial detection, automotive maintenance, household repairs, hunting, and observing areas. ☑️ Easy to Share The TC003 Android thermal camera is fully compatible with Windows laptops when the TCView software is installed, allowing clear temperature readings on a larger screen. Thermal images and videos can be shared easily through Bluetooth, the App, or a USB connection. You can stay up-to-date with free Over-The-Air (OTA) updates for the Thermal Imaging App and OS. ☑️Thermal Imaging Mastery With 4 imaging modes (visible light, thermal imaging, thermal fusion, outline fusion) and 11 color palettes, you can customize the temperature display to suit your needs. Whether you're working in industrial settings or refrigeration systems, the TC003 can detect temperatures ranging from -4 to +1022℉ with an accuracy of ±2℉. You can read temperatures in dot, line, or square formats, or analyze the entire camera’s view. Superior Image Quality with an IR Resolution of 256x192 Smooth and fast operation with Android 11.0 operating system 32G+2G Memory to store up to 120,000 thermal images and 45 hours of videos 5"" touch screen with 800 x 480 resolution for unmatched clarity and detail OTG function to link with an endoscope and detect narrow areas, Expansive testing range from -4℉ to +1022℉ Product Dimensions: (n/a) Item Specifications:",1000,1000,original,,,,"Accepted (laplacian=1383.48, contrast=94.69, area=0.833); source_category=Hardware > Tools > Measuring Tools & Sensors > Thermal Imaging Cameras"
POR_042,POR_042.jpg,dataset/originals/portable_electronics/POR_042.jpg,portable_electronics,Shopify/product-catalogue,Nešiojamojo kompiuterio fotoaparato vaizdo kameros dangtelis,"Pasirūpinkite savo privatumu su nešiojamojo kompiuterio fotoaparato vaizdo kameros dangteliu . Šis praktiškas priedas yra būtinas visiems, kurie naudoja prietaisus su priekine kamera. Negali būti nieko paprasčiau: stumdomas dangtelis leidžia greitai ir patogiai uždengti kamerą, kai nesinaudojate vaizdo skambučiais arba tiesiog norite jaustis saugiau. Mūsų fotoaparato dangtelis ne tik apsaugo jūsų privatumą, bet ir suteikia ramybę, žinant, kad esate nuošalyje nuo nepageidaujamų akiai. Jis lengvai pritvirtinamas dvipuse lipnia juosta, todėl uždėti ar nuimti dangtelį galima greitai ir nesunkiai. Produkto kodas: 06238 Aukštos kokybės gamyba: užtikrina ilgaamžiškumą ir patikimumą Pritvirtinimas: dvipusė lipni juosta Plotis: 18 mm Aukštis: 9 mm Storis: 0,8 mm Spalva: juoda Į rinkinyje rasite: Gamyklinis naujas dangtelis Originali pakuotė Nepraleiskite progos pagerinti savo elektronikos saugumą! Įsigykite dabar ir mėgaukitės privatumu kasdien!",1000,1000,original,,,,"Accepted (laplacian=118.10, contrast=93.53, area=0.666); source_category=Electronics > Electronics Accessories > Computer Components > Laptop Parts > Laptop Housings & Trim"
POR_043,POR_043.jpg,dataset/originals/portable_electronics/POR_043.jpg,portable_electronics,Shopify/product-catalogue,Infrared 400 35mm - 100ft Bulk Roll,"This is a 100ft bulk roll, for rolling your own rolls at home. You will need a Bulk Roller to roll your own rolls. Once you get started bulk rolling it is an easy and fun way to save some money on film. You can also choose how many exposures you’d like on each roll! Just ask us for some empty 35mm cannisters to roll into. We can add them to your order. – 100ft Bulk roll – approximately 18 x 36exp rolls. – Rollei Infrared 400 – 400 iso black and white film",1000,806,original,,,,"Accepted (laplacian=345.68, contrast=103.92, area=0.453); source_category=Cameras & Optics > Camera & Optic Accessories > Camera Parts & Accessories > Camera Film > Infrared Film"
POR_044,POR_044.jpg,dataset/originals/portable_electronics/POR_044.jpg,portable_electronics,Shopify/product-catalogue,Image Technology SC-5030 Plastisol Ink Wash,"Image Technology SC-5030 Plastisol Ink Wash SC-5030 Plastisol Ink Wash is a highly effective, low odor screen cleaner for removing all types of plastisol inks from screens. This product has fast evaporative properties, perfect for quick cleaning of smudges. This product can be used will all types of emulsions. It will protect the fabric from deep stains or ghosting from the image print improving reclamation speeds in post-press production. This product can be re-circulated or applied manually using one of the following applications. INK WASH-OUT AT THE SINK Card excessive ink from the screen. Apply to ink side of the screen. Use a non-abrasive scrub brush or pad to agitate ink on both sides of the screen. Finally, rinse away all residue using high pressure water. Dispose of in accordance with state, local, and federal regulations. RECIRCULATING WASH Card excessive ink from the screen. This product can be continuously re-circulated until product becomes too heavily soiled with solids. Used product may be filtered through a manual or auto-advance filtration unit and reused. Dispose of in accordance with state, local, and federal regulations. Directions: Spray product on screen and wipe clean for immediate taping. Repeat with a clean cloth.",1512,2016,original,,,,"Accepted (laplacian=473.50, contrast=54.93, area=0.770); source_category=Cameras & Optics > Photography > Darkroom > Developing & Processing Equipment > Print Trays, Washers & Dryers > Print Washers"
POR_045,POR_045.jpg,dataset/originals/portable_electronics/POR_045.jpg,portable_electronics,Shopify/product-catalogue,Amolador de Facas Elétrico,"Prepare suas receitas com mais facilidade e rapidez! Com muita praticidade você cortará o que desejar, com designer moderno feito com material super resistente para te ajudar na hora de amolar as suas facas. Multe funcional Perfeita para amolar tesouras, lâminas, canivetes, entre outros. recupere qualquer faca de forma simples e segura. Fácil de usar 1- Basta ligar o afiador na tomada de energia e clicar no botão vermelho 2- Tenha suas mãos firmes na parte emborrachada preta, dessa forma terá mais segurança 3- Passe a lâmina nas laterais do afiador, em um ângulo de 45°, em ambos os lados 4- Sempre puxe a lâmina e nunca passe para frente e para trás, pois isso pode prejudicar o processo 5- Faça isso com os dois lados da lamina de forma lenta e por repetidas vezes para garantir um corte cada vez mais preciso Alta qualidade Sua lâmina é feita de carbeto de tungstênio, um material super resistente e reforçado. Não quebra e nem trinca facilmente, tendo uma longa vida útil e podendo ser utilizado por muito tempo. Benefícios ✅ O amolador possui guias de precisão que definem o ângulo perfeito para amolação; ✅ Com um motor alimentado por cabo USB, você consegue ligá-lo em qualquer fonte de alimentação de celular ou tablet; ✅ Sua base de apoio, junto a uma estrutura super-resistente, traz a sustentação necessária e a segurança que você precisa, mantendo suas mãos longe das lâminas, sempre; Especificações: Cor: Branco; Carregador: USB; Tamanho: 23,5 x 9 x 6,5cm; Produto Bivolt (110v ou 220v); Acompanha uma bateria interna recarregável O pacote inclui: 1x Afiador Amolador Elétrico Para Laminas | Ready Cut 1x Cabo USB",1080,1080,original,,,,"Accepted (laplacian=108.49, contrast=57.76, area=0.308); source_category=Home & Garden > Kitchen & Dining > Kitchen Appliances > Knife Sharpeners > Electric Knife Sharpeners"
POR_046,POR_046.jpg,dataset/originals/portable_electronics/POR_046.jpg,portable_electronics,Shopify/product-catalogue,Ilford Simple Film Kit,"ILFORD SIMPLICITY Starter Pack of photo chemical sachets for convenient, single-use film processing. Develops 2 x 35mm (135) film or 1 roll of 120 film in a 2-reel developing tank. Contains: film developer, stop bath, fixer and wetting agent Convenient, single-use sachets Develops 2 x 35mm or 1 x 120 film Designed for use in 2-reel, 600ml developing tanks",2500,2500,original,,,,"Accepted (laplacian=608.12, contrast=79.76, area=0.573); source_category=Cameras & Optics > Photography > Darkroom > Photographic Chemicals > Film Developers"
POR_047,POR_047.jpg,dataset/originals/portable_electronics/POR_047.jpg,portable_electronics,Shopify/product-catalogue,Sonett Vaatwasmachine tablet 25 Stuks,"Sonett Vaatwasmachine tablet Schoonmaakproducten van Sonett® , betaalbare producten met 100% natuurlijke grondstoffen uit (deels) biologisch-dynamische en biologische teelt of verzameld in de natuur. Belangrijk voor een goed spoelresultaat: de wateronthardingsinstellingen van de vaatwasser 8°dH hoger instellen dan de daadwerkeljke waterhardheid. De vakjes voor regenereerzout en glansspoelmiddel dienen steeds gevuld te zijn. Samenstelling >30% soda, citraten, 15-30% natriumpercarbonaat (bleekmiddel op zuurstofbasis), 1-5% sorbitansesquioctanoaat, natriumsilicaat, natriumgluconaat, cellulose: <1% balsamische toevoegingen* *gecontroleerde biologische landbouw/wildverzameling Gebruik - Normaal bevuilde afwas: 1 tab/spoelgang. - Sterk bevuilde afwas: 2 tabs/spoelgang. Waarschuwingen Niet geschikt voor zilver, loodkristal en met de hand beschilderd porselein Fabrikant / Distributeur Sonett GmbH, Ziegeleiweg 5, D-88693 Deggenhausen, Duitsland",800,800,original,,,,"Accepted (laplacian=1164.53, contrast=48.47, area=0.714); source_category=Home & Garden > Household Supplies > Household Cleaning Supplies > Household Cleaning Products > Dishwasher Cleaners"
POR_048,POR_048.jpg,dataset/originals/portable_electronics/POR_048.jpg,portable_electronics,Shopify/product-catalogue,Organizzatore di Ganci da Parete Eleganti e Multiuso,"CARATTERISTICHE SOLUZIONE SALVASPAZIO – Progettato per ottimizzare lo spazio a parete, questo gancio compatto offre funzionalità senza ingombro. Il suo profilo minimalista si integra perfettamente con qualsiasi arredamento, aiutando a mantenere l’ambiente ordinato, anche in spazi piccoli o affollati. ECCEZIONALE CAPACITÀ DI CARICO – Costruito per essere robusto, questo gancio sostiene asciugamani pesanti, borse e altro senza scivolare o piegarsi. La sua struttura resistente distribuisce il peso in modo uniforme, offrendo una soluzione di conservazione affidabile e mantenendo uno spazio abitativo pulito e organizzato. FACILE INSTALLAZIONE – Dite addio agli attrezzi. Questo gancio innovativo utilizza un design che non richiede fori, ma si applica premendo e ruotando, aderendo alle superfici lisce e garantendo un'installazione sicura: perfetto per chi vive in affitto o per chi vuole evitare modifiche permanenti alle pareti. DESIGN PIEGHEVOLE - Il gancio si ripiega contro il muro quando non viene utilizzato, massimizzando l'efficienza dello spazio. Perfetto per piccoli appartamenti o aree affollate, si ripone ordinatamente senza sacrificare la funzionalità. Il sogno di ogni minimalista per una vita organizzata. UTILIZZO VERSATILE – Ideale per appendere accessori, utensili, asciugamani o attrezzi, questo gancio multiuso mantiene la casa in ordine. Utilizzalo in bagno, cucina, camera da letto o ingresso per un'organizzazione funzionale e flessibile. SPEC Colore: Bianco, Grigio Materiali: PET Lunghezza: 40CM Pacchetto Include: 1/3 * Organizzatore di Ganci da Parete Eleganti e Multiuso NOTE Le misure potrebbero presentare lievi variazioni a causa della misurazione manuale. I colori possono variare leggermente a causa delle impostazioni del monitor.",800,800,original,,,,"Accepted (laplacian=1159.12, contrast=53.34, area=0.136); source_category=Home & Garden > Household Supplies > Storage & Organization > Storage Hooks & Racks > Utility Hooks"
POR_049,POR_049.jpg,dataset/originals/portable_electronics/POR_049.jpg,portable_electronics,Shopify/product-catalogue,Canon Canonet G-III QL17 Rangefinder 35mm Film Camera,"🔮 Easy to use Rangefinder Film Camera from the 70's 💥 40mm f /1.7 lens in excellent condition 👀 Overall Very Good condition, only a small dent on top corner below the film advance lever ⚙️ Tested and works perfectly 🎞 Takes standard 35mm film 🔋 Uses one PX625 battery, included 🚚 Tracked Worldwide delivery",2000,1337,original,,,,"Accepted (laplacian=185.85, contrast=57.46, area=0.216); source_category=Cameras & Optics > Cameras > Film Cameras > Rangefinder Film Cameras"
POR_050,POR_050.jpg,dataset/originals/portable_electronics/POR_050.jpg,portable_electronics,Shopify/product-catalogue,3pcs LM317 DC-DC Converter Buck Step Down Module Linear Regulator Adjustable Voltage Regulator Power Supply Board,"Feature: Output Current: 1.5A (minimum), 2.2A (typ) Input and output voltage difference (VI-VO): 40Vdc (max) Adjustable output voltage range: 1.2 ~ 37V Operating temperature: -55 to +150 Output Current: 1.5A Input voltage: 4.2 ~ 40 V Characteristics Frequency: 100 (MHz) Module size: 35.6 (mm) x16.8 (mm) Input: VIN positive input stage, GND negative input Output: VOUT output positive level, GND output negative Maximum output current: maximum output current = 3 / (Input voltage - output voltage) Applications: Mobile phone, MP3, MP4, PSP and much other charging equipment Package includes: 3 x Adjustable Linear Regulator",1000,1000,original,,,,"Accepted (laplacian=423.94, contrast=73.76, area=0.148); source_category=Electronics > Circuit Boards & Components"
POR_051,POR_051.jpg,dataset/originals/portable_electronics/POR_051.jpg,portable_electronics,Shopify/product-catalogue,Mobiltelefon reflektionskamera,"FUNKTIONER [Hållbar] Satsen är tillverkad av legering och har en stabil struktur samtidigt som den är lätt och hållbar. Spegeln är tillverkad av högkvalitativt glas och är skakfri med en vanlig dämpningsdesign. [Öka kapaciteten för bakre kameran] Den är lämplig för vloggers, bloggare, videografer och fotografer som vill ha maximal prestanda på sociala medier som YouTube, Facebook, TikTok, eller om du bara vill ha bra kvalitet på video som fångats av din mest briljanta kameramobil. SPECIFIKATIONER Färg: Svart, Vit Vikt: 100g Paketet innehåller: 1 * mobiltelefon reflektionskamera + 1 * organisatör + 1 * dammfri trasa OBS Vänligen tillåt en liten storleksskillnad på grund av manuell mätning. På grund av olika skärm och ljuseffekter kan den faktiska färgen på föremålet skilja sig något från färgen som visas på bilderna.",800,800,original,,,,"Accepted (laplacian=1860.00, contrast=50.70, area=0.389); source_category=Electronics > Communications > Telephony > Mobile & Smart Phone Accessories > Mobile Phone Camera Accessories > Remote Shutters"
POR_052,POR_052.jpg,dataset/originals/portable_electronics/POR_052.jpg,portable_electronics,Shopify/product-catalogue,FUJIFILM FT-XH File Transmitter Grip,"FUJIFILM FT-XH File Transmitter Grip The FT-XH File Transmitter Grip vastly improves the networking capabilities of the camera. It has fast Wi-Fi connectivity, with speeds up to 600 Mb/s, along with wired LAN connectivity for in-studio tethered shooting. Remote recording by wired LAN or wireless LAN; capable of controlling up to four X-H2S cameras from a browser at the same time The file transmitter also brings the usual benefits of a battery grip, such as shooting in the vertical orientation and being able to accept two additional NP-W235 rechargeable lithium-ion batteries to increase shooting capacity. In terms of its physical design, the extended shape incorporates a secondary shutter release button as well as a focus lever, AE-L button, AF-ON button, front and rear command dials, and Q button to mimic the camera's own layout for intuitive handling. The file transmitter also brings the usual benefits of a battery grip, such as shooting in the vertical orientation and being able to accept two additional NP-W235 rechargeable lithium-ion batteries to increase shooting capacity This file transmitter features wired LAN connectivity and high-speed wireless communications capability, essential for in-studio tethered shooting or sports/media shooting When used with the X-H2 or X-H2S, it allows FTP transfer, tethered shooting, and remote recording Specifications: Transfer Speeds Up to 600 Mb/s Holds 2 x NP-W235 Batteries Extended Grip for Vertical Composition Compatible with X-H2S and X-H2 Camera Attachment: 1/4 - 20 Male",1200,1200,original,,,,"Accepted (laplacian=268.28, contrast=102.46, area=0.679); source_category=Cameras & Optics > Camera & Optic Accessories > Camera Parts & Accessories > Camera Grips > Battery Grips"
POR_053,POR_053.jpg,dataset/originals/portable_electronics/POR_053.jpg,portable_electronics,Shopify/product-catalogue,Energizer Lithium Battery L91,"High power-efficient high-tech digital equipment lithium batteries! lithium battery specifications: aa voltage: 1.5 V features: 2900mah up to seven times longer than energizer max use until the end of its life, maintain a constant output, digital high-tech devices that require high power efficiency, shoot digital cameras: up to 600 sheets, 33% lighter weight than ordinary alkaline batteries, operating temperature 0 ~ 60 shelf life: 15 years",1000,1000,original,,,,"Accepted (laplacian=979.72, contrast=69.99, area=0.145); source_category=Electronics > Electronics Accessories > Power > Batteries"
POR_054,POR_054.jpg,dataset/originals/portable_electronics/POR_054.jpg,portable_electronics,Shopify/product-catalogue,3 in 1 Carry Sleeve Invisible Laptop Stand 15 to 16 Inches with,"Sleek and compact carry sleeve with an invisible built-in stand. Instant conversion to a laptop stand with adjustable modes between 15° and 25°. Expandable storage and the card slot for essentials. Constructed with vegan-leather, scratch and water-resistant. Sturdy fold-in triangle structure, it holds up to 22 lbs. 3-IN-1 LAPTOP SLEEVE & STAND WITH EXPANDABLE STORAGE Protects and Supports The MOFT Carry Sleeve transcends traditional laptop sleeves with an innovative 3-in-1 design that gives you the safety and protection of a sleeve, the ergonomics of a stand, the carry-on essentials of a storage bag , and a look that lets you commute in style. SMART STRUCTURAL DESIGN Transforms From a Sleeve to a Stand With its patented smart-folding design, The MOFT Carry Sleeve folds into a stand in less than a second, bringing you ergonomic satisfaction anywhere. DUAL-ANGLE ADJUSTMENT Work Like a Pro, Anywhere Adjusts to two angles: browsing or video conferencing will be comfortable at the 25° angle, which is the highest angle among the sleeves, while the 15° is ideal for uninterrupted viewing and typing. INNOVATIVE STORAGE Take All Your Essentials. No Sweat. Carries all essentials with an expandable neoprene storage feature integrated into the sleeve to hold and organize in place all essentials like power adapters, cell phones, notepads, etc. PREMIUM VEGAN LEATHER Soft and Durable Made with customized PU material and fiberglass, making it slim, lightweight and durable while looking superb. You can carry your laptop in sleek style, without the bulk.",1000,1000,original,,,,"Accepted (laplacian=195.87, contrast=98.29, area=0.539); source_category=Electronics > Electronics Accessories > Computer Accessories > Computer Risers & Stands"
POR_055,POR_055.jpg,dataset/originals/portable_electronics/POR_055.jpg,portable_electronics,Shopify/product-catalogue,Nikon Z7 II (boitier nu),"Aucune toile n’est trop grande. Aucun détail n’est trop petit. Portez une attention particulière aux détails. Adoptez une éthique de travail audacieuse. Soyez performant en toutes occasions. Découvrez l’appareil photo hybride plein format qui sera à la hauteur de votre passion du détail, à chaque instant. Donnez vie à toutes vos idées avec une perfection inégalée, quelles que soient les conditions de luminosité choisies, grâce au Nikon Z 7II.",1920,1440,original,,,,"Accepted (laplacian=478.18, contrast=107.46, area=0.462); source_category=Cameras & Optics > Cameras > Digital Cameras > Mirrorless Digital Cameras"
POR_056,POR_056.jpg,dataset/originals/portable_electronics/POR_056.jpg,portable_electronics,Shopify/product-catalogue,"OTITO 11 Pro Tablette 10"" — 8 Go/512 Go avec clavier et souris","Oteeto Tab 11 Pro — Tablette Android 10"" 8 Go RAM • 512 Go • Octa-core • Android 13 • Écran IPS 1280×800 • Clavier + souris • USB-C Puissance mesurable et polyvalence au quotidien Conçue pour la productivité et le divertissement, la Tab 11 Pro associe processeur octa-core , 8 Go de RAM et stockage 512 Go pour lancer vos apps, créer du contenu et suivre vos cours sans ralentissement. Affichage IPS 10.1"" Dalle IPS 1280×800 pour des couleurs stables et un confort de lecture prolongé. Performance fluide Processeur octa-core jusqu’à 1,8 GHz + 8 Go RAM = multitâche réactif. Autonomie fiable Batterie 6000 mAh pour travailler et se divertir pendant des heures. Ce que vous gagnez Productivité immédiate avec clavier, souris et stylet pour écrire, éditer, annoter. Grande capacité 512 Go + microSD pour documents, photos et vidéos. Android 13 pour les dernières fonctions et une interface simple. Caméras 8 MP / 13 MP pour visioconférences claires et captures nettes. USB-C pour charge et transfert de données rapides. Réseaux 3G/4G/5G pris en charge selon opérateur pour rester connecté en mobilité. Caractéristiques techniques Écran 10.1"" IPS LCD, 1280 × 800 px Processeur Octa-core jusqu’à 1,8 GHz Mémoire RAM 8 Go Stockage ROM 512 Go + extension microSD Système Android 13 Caméras Avant 8 MP • Arrière 13 MP Batterie 6000 mAh Connectivité Wi-Fi, Bluetooth, 3G/4G/5G (selon opérateur et modèle) Ports USB Type-C, slot microSD Accessoires Clavier, souris et stylet inclus Idéale pour Cours en ligne, prise de notes, présentations. Création légère: écriture, retouche basique, dessin avec stylet. Divertissement: streaming, réseaux sociaux, jeux occasionnels. Bureau mobile: emails, documents, tableurs. Contenu de la boîte Oteeto Tab 11 Pro Clavier + souris Stylet Câble USB-C et adaptateur secteur Guide de démarrage",1000,1000,original,,,,"Accepted (laplacian=190.01, contrast=76.07, area=0.510); source_category=Electronics > Computers > Tablet Computers"
POR_057,POR_057.jpg,dataset/originals/portable_electronics/POR_057.jpg,portable_electronics,Shopify/product-catalogue,KAWAI CN-301 Digitalpiano,"Besuchen Sie bei uns die vielfältigste Digitalpiano-Ausstellung in der Schweiz! Das CN301 ist das neueste Modell der Kawai CN Serie Digitalpianos und Nachfolger des populären CN39 Modells. Das CN301 verwendet eine verbesserte Version der Responsive Hammer III Tastatur mit besserer Tastenführung und neuer Tastendämpfung für einen leiseren Spielbetrieb. Der superbe Shigeru Kawai SK-EX Konzertflügel Sound wird jetzt dank neu designtem Netzteil noch detailierter Wiedergegeben. Das neue Low Balance Feature ermöglicht eine intelligente Klanganpassung für größtmöglichen Ausdruck besonders bei geringen Lautstärken und erstmalig in der CN Serie kommen 360° Diffusoren für die Top-Lautsprecher zum Einsatz, wodurch eine optimale Klangabstrahlung in den Raum gewährleistet wird. Zusätzlich ist das CN301 jetzt mit Bluetooth Audio Konnektivität ausgestattet, die es erlaubt kabellos Audio Songs vom Smartphone/Tablet über das CN301 abzuspielen. Die neuen Features des CN301 können intuitiv über das neu designte Bedienfeld mit großem OLED Display ausgewählt werden. Zusätzlich ist die Bedienung auch via Kawai's PianoRemote App und PiaBookPlayer App für iOS oder Android möglich, um Sounds und Einstellungen zu steuern oder Lesson Songs mit einem Smartgerät zu verwenden. Neue Features & Verbesserunge Verbessert: Responsive Hammer III Tastatur mit verbessertem Konstruktionsdesign und Geräuschdämpfung Neu: Nach oben gerichtete Lautsprecher mit 360° Diffusoren Neu: Hochwertige Netzteil für saubere Wiedergabe Neu: Low Volume Balance Feature für optimierten Ausdruck bei niedriger Lautstärke Neu: Bluetooth Audio Konnektivität für kabellose Audio Wiedergabe von Smartgeräten Verbessert: Neues Bediendesign für intuitive Bedienung Neu: Support für aktuelle PianoRemote und PiaBookPlayer Apps für iOS/Android AUTHENTISCHES SPIELGEFÜHL Die Responsive Hammer III (RHIII)-Mechanik des CN301 Digitalpianos verfügt über verschiedene Eigenschaften einer Flügelmechanik, die zur Umsetzung eines realistischen Bewegungsablaufs unabdingbar sind. Nicht zuletzt dank der präzisen 3-Sensor-Technologie erwartet den Musiker ein sehr natürliches Spielgefühl. Das Tastaturgewicht ist abgestuft, um die schwereren Basshämmer und leichteren Diskanthämmer eines mechanischen Klaviers wahrzunehmen, während strukturelle Verstärkungen in der Mechanik eine höhere Stabilität bei Fortissimo- und Stakkato-Passagen gewährleisten. Darüber hinaus verfügt das CN301 Digitalpiano über „Ivory Touch“ Tastenoberflächen von Kawai. Sie unterstützten das Spiel, indem sie Fingerfeuchtigkeit absorbieren. Zusätzlich ist die CN301 Tastatur mit einer Druckpunktsimulation ausgestattet, die für eine perfekte Kontrolle beim Pianissimo Spiel sorgt. BEEINDRUCKENDER KLANG Die wunderschönen Klänge der Kawai SK-EX und EX Konzertflügel und des SK5 Flügels sind das Herz des neuen Modells CN301 von Kawai. Alle 88 Tasten dieser außergewöhnlichen Instrumente wurden sorgfältig aufgezeichnet, präzise analysiert und werden beim Spiel auf dem Instrument in einem speziellen Verfahren reproduziert. Die individuelle Aufnahme jeder einzelnen Taste in dieser Art und deren jeweilige Wiedergabe garantieren ein exzellentes Klangbild mit dem Charakter der aufgenommenen Konzertflügel. Das Spielen dieser Klänge auf der Tastatur des CN301 ist ein einzigartiges Erlebnis. Der integrierte Hall unterstützt den schönen Ton sehr lebendig und realistisch. Mit den umfangreichen Möglichkeiten des Virtual Technician lassen sich die Klänge perfekt anpassen. Sie können z.B. Intonation, Saitenresonanz, Dämpferresonanz, Dämpfergeräusch, Hammergeräusch und andere Details einzeln justieren. Mit vielen neuen Klängen wie dem Shigeru Kawai SK5 Flügel, Electric Grand, neuen E.Pianos, neuem Cembalo, usw. weiß das CN301 zu überzeugen. BLUETOOTH AUDIO/MIDI Zusätzlich zum USB-to-host Anschluss ist das CN301 auch mit Bluetooth MIDI Technik ausgestattet, die eine kabellose Kommunikation mit Smart Devices (z.B. Smartphone oder Tablet) ermöglicht. Das gibt Ihnen die Möglichkeit, eine große Auswahl an musikbezogenen Apps wie die Kawai PianoRemote App oder die PiaBookPlayer App in Verbindung mit Ihrem CN301 Digitalpiano komfortabel einsetzen zu können. Oder nutzen Sie doch einfach die Bluetooth Audio Schnittstelle. Verbinden Sie einfach Ihr Smartphone mit dem CN301 und schon genießen Sie all Ihre Musik direkt über das Lautsprechersystem des CN301. Dies ist besonders zum Play-Along zu empfehlen. USB TO DEVICE FUNKTIONALITÄT MIT MP3/WAV AUFNAHME UND WIEDERGABE Sie können beispielsweise Daten direkt auf ein USB Speichermedium speichern oder von einem Speichermedium direkt ins Instrument einladen. Diese USB to Device Funktionalität ermöglicht das Speichern von Registrierungen und Songs (die im internen Speicher des CN301 gespeichert wurden) auf ein externes Speichermedium oder darauf gespeicherte MIDI-Files (SMF) direkt mit dem Instrument abzuspielen, ohne zusätzliche Hardware zu benötigen. Auch das direkte Abspielen von Songs Ihrer Lieblingskünstler im MP3- oder WAV-Format ist möglich. Sie können auch Ihr eigenes Spiel im MP3- oder WAV- Format aufnehmen und beispielsweise Ihren Freunden per E-Mail schicken, die Songs auf einem Smartphone oder einem PC anhören oder auf Ihrem PC auf CD brennen. Das Modell CN301 ist auch mit einem USB to host Anschluss ausgestattet, der Ihnen die Möglichkeit bietet, MIDI Daten mit einem angeschlossenen Computer auszutauschen. Zusätzlich verfügt das CN301 Digitalpiano über eine Reihe von Standard Anschlüssen wie z.B. Line-Level Ausgängen zum Anschluss an externe Verstärker zum Beschallen von großen Räumen oder Kirchen. Der Line In Anschluss ermöglicht die Wiedergabe einer externen Audioquellen über das Lautsprechersystem des CN301. WEITERE AUSSTATTUNG Die leistungsstarke Lesson Funktion im CN301 unterstützt den kommenden Pianisten beim Erlernen des Klavierspiels durch eine integrierte Sammlung für den Klavierunterricht typischer Etüden von Beyer, Czerny, Burgmüller oder Bach sowie der bekannten Alfred Piano Kurse. Jeder Übungstitel kann mit variablem Tempo und individueller Wiedergabe der linken oder rechten Hand abgespielt werden, bevor er zusammen mit dem eigenen Spiel zur Selbstkontrolle aufgenommen wird. Auch ein Vierhand Modus, der das gleichzeitige Spiel von Lehrer und Schüler bei gleicher Oktavlage ermöglicht, ist vorhanden. SHS KOPFHÖRERSYSTEM Spatial Headphone Sound (SHS) ist ein spezielles Ausstattungsmerkmal des CN301, das dem Klangbild des Akustikklavierklangs über Kopfhörer mehr räumliche Tiefe verleiht und zusätzlich das Hörerlebnis über einen längeren Zeitraum verbessert. VERSTELLBARES NOTENPULT Die Neigung des Notenpults kann – wie bei einem Konzertflügel – verändert werden, um sie der Spielerposition anzupassen. Bei Bedarf kann man das Notenpult der CN Serie auch ganz waagerecht legen. GRAND FEEL PEDAL SYSTEM Das CN301 ist mit dem Grand Feel Pedal System ausgestattet. Bei diesem von Kawai entwickelten System entspricht der Widerstand bei der Betätigung der drei Pedale (Sustain, Soft und Sostenuto) dem Pedalspielgefühl eines Shigeru Kawai SK- EX Konzertflügels. Auch auf die korrekte Positionierung der Pedale wurde geachtet. Wir erfüllen Ihre Tastenträume...",1280,1152,original,,,,"Accepted (laplacian=218.38, contrast=112.92, area=0.763); source_category=Arts & Entertainment > Hobbies & Creative Arts > Musical Instruments > Pianos > Electric Pianos"
POR_058,POR_058.jpg,dataset/originals/portable_electronics/POR_058.jpg,portable_electronics,Shopify/product-catalogue,Wahoo TRACKR Heart Rate Monitor,"Brand: Wahoo Fitness Color: White Features: Precise Performance: Provides accurate real-time heart rate data to enhance training efficiency and support optimal performance. Powered to Endure: Equipped with a high-capacity rechargeable battery with over 100 hours of active battery life, TRACKR HEART RATE is always ready to train Completely Connected: With ANT+ and Bluetooth connectivity, its simple to connect TRACKR HEART RATE to a smartphone, broadcast to a wide array of fitness equipment, and sync to the most popular training apps and accessories. Controlled Comfort: TRACKR Heart Rate offers a slim, soft, secure fit strap, which feels comfortable, but also keeps the sensor securely in place during intense exercise. Intuitive LEDs: TRACKR Heart Rate features an LED indicator during your work outs. Alerts include confirming heart rate detection, battery status and to ensure you are still connected to your training devices. Details: Precision Meets Performance: Accurate, reliable, comfortable and connected, Wahoo TRACKR Heart Rate offers everything you need from a heart rate monitor to take your performance to the next level. Release Date: 25-06-2024 Package Dimensions: 6.5 x 3.1 x 1.2 inches Languages: english Binding: Sports",2560,1862,original,,,,"Accepted (laplacian=456.43, contrast=75.84, area=0.254); source_category=Sporting Goods > Fitness & General Exercise Equipment > Cardio > Cardio Machine Accessories & Parts > Exercise Bike Accessories & Parts > Exercise Bike Heart Rate Monitors"
POR_059,POR_059.jpg,dataset/originals/portable_electronics/POR_059.jpg,portable_electronics,Shopify/product-catalogue,Laney LA15C Acoustic Guitar Combo with Chorus Effect,"The LA15 is a simple-to-use and compact amplifier combo designed specifically for acoustic instruments such as electro-acoustic guitars. It delivers pure acoustic tone with ease. LA15's instrument channel features a 3 band EQ for tone shaping plus a Shape switch – this provides a great sounding “go to” setting from a single button press. A pre-selected chorus setting can be added with a simple switch. The mini-jack AUX input allows for connection of a playback device such as MP3/iPod/CD for jamming along to songs or backing tracks, plus there is a headphone socket – a great feature for private practice or silent late-night sessions. Features: -Single Channel -15 Watts RMS -2 x 5” Custom Driver -Headphone socket -Mp3/Aux in -Great for home use -Designed specifically for acoustic instruments Specifications: -Item dimensions: 245mm x 275mm x 175mm (HWD) -Carton dimensions: 280mm x 295mm x 195mm (HWD) -Item weight: 4.1kg",1000,1000,original,,,,"Accepted (laplacian=1365.61, contrast=83.71, area=0.572); source_category=Arts & Entertainment > Hobbies & Creative Arts > Musical Instrument & Orchestra Accessories > Musical Instrument Amplifiers > Acoustic Amplifiers"
POR_060,POR_060.jpg,dataset/originals/portable_electronics/POR_060.jpg,portable_electronics,Shopify/product-catalogue,"Reflectoare de căldură pentru calorifer, 2 buc., 0.5x25 m","Această rolă de izolație reflectorizantă are lățimea de 50 cm și lungimea de 5000 cm, fiind esențială pentru îmbunătățirea eficienței energetice, indiferent unde o folosești. Finish-ul său arată grozav și se integrează perfect în orice cameră, mai ales atunci când e pusă în spatele radiatoarelor. Durabilitate: Fabricată din polietilenă de calitate, această rolă e construită să reziste și să ofere performanță constantă. Păstrează căldura eficient, pentru ca spațiile tale să rămână confortabile fără să împingă costurile de energie. Suprafață Reflectorizantă: Finish-ul strălucitor trimite căldura înapoi în cameră și îmbunătățește retenția căldurii radiatorului, ajutând să reduci facturile de încălzire și să menții confortul. Utilizare Interioară/Exterioară: Bună pentru spații interioare și exterioare, această rolă e perfectă pentru camere utilitare sau garaje, fiind versatilă pentru diverse proiecte. Poate fi folosită și în alte aplicații în afară de sistemele de încălzire. Simplicitate în Utilizare: Cu un design simplu, folosirea acestei role e la mintea cocoșului. Se potrivește bine cu decorul tău, menținând un aspect îngrijit. Disponibilitate Dimensiuni: Ai opțiunea de a alege din diverse dimensiuni potrivite nevoilor tale. Această rolă are dimensiunile 0.5 x 50 m, perfectă pentru radiatoare standard și pentru a obține maximă eficiență termică. Culoare: Argintie Formă: Altele Material: Polietilenă sintetică Finisaj: Extralucios Interior/Exterior: Interior/Exterior Camera: Cameră utilitară Baterii incluse: Nu Dimensiuni: 50 x 5000 cm (L x L x Î) Scară: Nu Marcă: Conținut livrare: Rolă reflectorizantă Asamblare necesară: Nu",1600,1600,original,,,,"Accepted (laplacian=439.91, contrast=22.93, area=0.249); source_category=Home & Garden > Household Appliance Accessories > Heating Radiator Accessories > Heating Radiator Reflectors > Heating Radiator Rolls"
SHO_001,SHO_001.jpg,dataset/originals/shoes/SHO_001.jpg,shoes,bootstrap_existing_dataset,SHO_001,SHO_001,2500,2500,original,,,,Recovered from existing dataset files.
SHO_002,SHO_002.jpg,dataset/originals/shoes/SHO_002.jpg,shoes,bootstrap_existing_dataset,SHO_002,SHO_002,1080,1080,original,,,,Recovered from existing dataset files.
SHO_003,SHO_003.jpg,dataset/originals/shoes/SHO_003.jpg,shoes,bootstrap_existing_dataset,SHO_003,SHO_003,1000,1000,original,,,,Recovered from existing dataset files.
SHO_004,SHO_004.jpg,dataset/originals/shoes/SHO_004.jpg,shoes,bootstrap_existing_dataset,SHO_004,SHO_004,1200,1200,original,,,,Recovered from existing dataset files.
SHO_005,SHO_005.jpg,dataset/originals/shoes/SHO_005.jpg,shoes,bootstrap_existing_dataset,SHO_005,SHO_005,1500,1500,original,,,,Recovered from existing dataset files.
SHO_006,SHO_006.jpg,dataset/originals/shoes/SHO_006.jpg,shoes,bootstrap_existing_dataset,SHO_006,SHO_006,1024,1024,original,,,,Recovered from existing dataset files.
SHO_007,SHO_007.jpg,dataset/originals/shoes/SHO_007.jpg,shoes,bootstrap_existing_dataset,SHO_007,SHO_007,1250,1250,original,,,,Recovered from existing dataset files.
SHO_008,SHO_008.jpg,dataset/originals/shoes/SHO_008.jpg,shoes,bootstrap_existing_dataset,SHO_008,SHO_008,1080,1080,original,,,,Recovered from existing dataset files.
SHO_009,SHO_009.jpg,dataset/originals/shoes/SHO_009.jpg,shoes,bootstrap_existing_dataset,SHO_009,SHO_009,1024,1024,original,,,,Recovered from existing dataset files.
SHO_010,SHO_010.jpg,dataset/originals/shoes/SHO_010.jpg,shoes,bootstrap_existing_dataset,SHO_010,SHO_010,1200,1200,original,,,,Recovered from existing dataset files.
SHO_011,SHO_011.jpg,dataset/originals/shoes/SHO_011.jpg,shoes,bootstrap_existing_dataset,SHO_011,SHO_011,963,962,original,,,,Recovered from existing dataset files.
SHO_012,SHO_012.jpg,dataset/originals/shoes/SHO_012.jpg,shoes,bootstrap_existing_dataset,SHO_012,SHO_012,850,850,original,,,,Recovered from existing dataset files.
SHO_013,SHO_013.jpg,dataset/originals/shoes/SHO_013.jpg,shoes,bootstrap_existing_dataset,SHO_013,SHO_013,1489,1107,original,,,,Recovered from existing dataset files.
SHO_014,SHO_014.jpg,dataset/originals/shoes/SHO_014.jpg,shoes,bootstrap_existing_dataset,SHO_014,SHO_014,800,800,original,,,,Recovered from existing dataset files.
SHO_015,SHO_015.jpg,dataset/originals/shoes/SHO_015.jpg,shoes,bootstrap_existing_dataset,SHO_015,SHO_015,1280,800,original,,,,Recovered from existing dataset files.
SHO_016,SHO_016.jpg,dataset/originals/shoes/SHO_016.jpg,shoes,bootstrap_existing_dataset,SHO_016,SHO_016,1200,1200,original,,,,Recovered from existing dataset files.
SHO_017,SHO_017.jpg,dataset/originals/shoes/SHO_017.jpg,shoes,bootstrap_existing_dataset,SHO_017,SHO_017,1000,1000,original,,,,Recovered from existing dataset files.
SHO_018,SHO_018.jpg,dataset/originals/shoes/SHO_018.jpg,shoes,bootstrap_existing_dataset,SHO_018,SHO_018,1427,1500,original,,,,Recovered from existing dataset files.
SHO_019,SHO_019.jpg,dataset/originals/shoes/SHO_019.jpg,shoes,bootstrap_existing_dataset,SHO_019,SHO_019,1000,1000,original,,,,Recovered from existing dataset files.
SHO_020,SHO_020.jpg,dataset/originals/shoes/SHO_020.jpg,shoes,bootstrap_existing_dataset,SHO_020,SHO_020,1000,1000,original,,,,Recovered from existing dataset files.
SHO_021,SHO_021.jpg,dataset/originals/shoes/SHO_021.jpg,shoes,bootstrap_existing_dataset,SHO_021,SHO_021,1024,1024,original,,,,Recovered from existing dataset files.
SHO_022,SHO_022.jpg,dataset/originals/shoes/SHO_022.jpg,shoes,bootstrap_existing_dataset,SHO_022,SHO_022,1200,900,original,,,,Recovered from existing dataset files.
SHO_023,SHO_023.jpg,dataset/originals/shoes/SHO_023.jpg,shoes,bootstrap_existing_dataset,SHO_023,SHO_023,1372,1364,original,,,,Recovered from existing dataset files.
SHO_024,SHO_024.jpg,dataset/originals/shoes/SHO_024.jpg,shoes,bootstrap_existing_dataset,SHO_024,SHO_024,1500,1500,original,,,,Recovered from existing dataset files.
SHO_025,SHO_025.jpg,dataset/originals/shoes/SHO_025.jpg,shoes,bootstrap_existing_dataset,SHO_025,SHO_025,2365,2365,original,,,,Recovered from existing dataset files.
SHO_026,SHO_026.jpg,dataset/originals/shoes/SHO_026.jpg,shoes,bootstrap_existing_dataset,SHO_026,SHO_026,1280,1280,original,,,,Recovered from existing dataset files.
SHO_027,SHO_027.jpg,dataset/originals/shoes/SHO_027.jpg,shoes,bootstrap_existing_dataset,SHO_027,SHO_027,800,800,original,,,,Recovered from existing dataset files.
SHO_028,SHO_028.jpg,dataset/originals/shoes/SHO_028.jpg,shoes,bootstrap_existing_dataset,SHO_028,SHO_028,2000,2000,original,,,,Recovered from existing dataset files.
SHO_029,SHO_029.jpg,dataset/originals/shoes/SHO_029.jpg,shoes,bootstrap_existing_dataset,SHO_029,SHO_029,1000,1000,original,,,,Recovered from existing dataset files.
SHO_030,SHO_030.jpg,dataset/originals/shoes/SHO_030.jpg,shoes,bootstrap_existing_dataset,SHO_030,SHO_030,2362,1890,original,,,,Recovered from existing dataset files.
SHO_031,SHO_031.jpg,dataset/originals/shoes/SHO_031.jpg,shoes,bootstrap_existing_dataset,SHO_031,SHO_031,1000,1000,original,,,,Recovered from existing dataset files.
SHO_032,SHO_032.jpg,dataset/originals/shoes/SHO_032.jpg,shoes,bootstrap_existing_dataset,SHO_032,SHO_032,1000,1000,original,,,,Recovered from existing dataset files.
SHO_033,SHO_033.jpg,dataset/originals/shoes/SHO_033.jpg,shoes,bootstrap_existing_dataset,SHO_033,SHO_033,2048,1214,original,,,,Recovered from existing dataset files.
SHO_034,SHO_034.jpg,dataset/originals/shoes/SHO_034.jpg,shoes,bootstrap_existing_dataset,SHO_034,SHO_034,1488,1500,original,,,,Recovered from existing dataset files.
SHO_035,SHO_035.jpg,dataset/originals/shoes/SHO_035.jpg,shoes,bootstrap_existing_dataset,SHO_035,SHO_035,1000,1000,original,,,,Recovered from existing dataset files.
SHO_036,SHO_036.jpg,dataset/originals/shoes/SHO_036.jpg,shoes,bootstrap_existing_dataset,SHO_036,SHO_036,800,800,original,,,,Recovered from existing dataset files.
SHO_037,SHO_037.jpg,dataset/originals/shoes/SHO_037.jpg,shoes,bootstrap_existing_dataset,SHO_037,SHO_037,912,912,original,,,,Recovered from existing dataset files.
SHO_038,SHO_038.jpg,dataset/originals/shoes/SHO_038.jpg,shoes,bootstrap_existing_dataset,SHO_038,SHO_038,800,800,original,,,,Recovered from existing dataset files.
SHO_039,SHO_039.jpg,dataset/originals/shoes/SHO_039.jpg,shoes,bootstrap_existing_dataset,SHO_039,SHO_039,2048,2048,original,,,,Recovered from existing dataset files.
SHO_040,SHO_040.jpg,dataset/originals/shoes/SHO_040.jpg,shoes,bootstrap_existing_dataset,SHO_040,SHO_040,910,1080,original,,,,Recovered from existing dataset files.
SHO_041,SHO_041.jpg,dataset/originals/shoes/SHO_041.jpg,shoes,bootstrap_existing_dataset,SHO_041,SHO_041,800,800,original,,,,Recovered from existing dataset files.
SHO_042,SHO_042.jpg,dataset/originals/shoes/SHO_042.jpg,shoes,bootstrap_existing_dataset,SHO_042,SHO_042,1000,1000,original,,,,Recovered from existing dataset files.
SHO_043,SHO_043.jpg,dataset/originals/shoes/SHO_043.jpg,shoes,bootstrap_existing_dataset,SHO_043,SHO_043,2000,2000,original,,,,Recovered from existing dataset files.
SHO_044,SHO_044.jpg,dataset/originals/shoes/SHO_044.jpg,shoes,bootstrap_existing_dataset,SHO_044,SHO_044,1500,1500,original,,,,Recovered from existing dataset files.
SHO_045,SHO_045.jpg,dataset/originals/shoes/SHO_045.jpg,shoes,bootstrap_existing_dataset,SHO_045,SHO_045,1400,1400,original,,,,Recovered from existing dataset files.
SHO_046,SHO_046.jpg,dataset/originals/shoes/SHO_046.jpg,shoes,bootstrap_existing_dataset,SHO_046,SHO_046,1500,1500,original,,,,Recovered from existing dataset files.
SHO_047,SHO_047.jpg,dataset/originals/shoes/SHO_047.jpg,shoes,bootstrap_existing_dataset,SHO_047,SHO_047,1200,1200,original,,,,Recovered from existing dataset files.
SHO_048,SHO_048.jpg,dataset/originals/shoes/SHO_048.jpg,shoes,bootstrap_existing_dataset,SHO_048,SHO_048,1000,1000,original,,,,Recovered from existing dataset files.
SHO_049,SHO_049.jpg,dataset/originals/shoes/SHO_049.jpg,shoes,bootstrap_existing_dataset,SHO_049,SHO_049,1200,1200,original,,,,Recovered from existing dataset files.
SHO_050,SHO_050.jpg,dataset/originals/shoes/SHO_050.jpg,shoes,bootstrap_existing_dataset,SHO_050,SHO_050,1430,1189,original,,,,Recovered from existing dataset files.
SHO_051,SHO_051.jpg,dataset/originals/shoes/SHO_051.jpg,shoes,bootstrap_existing_dataset,SHO_051,SHO_051,1500,1500,original,,,,Recovered from existing dataset files.
SHO_052,SHO_052.jpg,dataset/originals/shoes/SHO_052.jpg,shoes,bootstrap_existing_dataset,SHO_052,SHO_052,2400,2400,original,,,,Recovered from existing dataset files.
SHO_053,SHO_053.jpg,dataset/originals/shoes/SHO_053.jpg,shoes,bootstrap_existing_dataset,SHO_053,SHO_053,2048,2048,original,,,,Recovered from existing dataset files.
SHO_054,SHO_054.jpg,dataset/originals/shoes/SHO_054.jpg,shoes,bootstrap_existing_dataset,SHO_054,SHO_054,800,800,original,,,,Recovered from existing dataset files.
SHO_055,SHO_055.jpg,dataset/originals/shoes/SHO_055.jpg,shoes,bootstrap_existing_dataset,SHO_055,SHO_055,875,875,original,,,,Recovered from existing dataset files.
SHO_056,SHO_056.jpg,dataset/originals/shoes/SHO_056.jpg,shoes,bootstrap_existing_dataset,SHO_056,SHO_056,1500,1500,original,,,,Recovered from existing dataset files.
SHO_057,SHO_057.jpg,dataset/originals/shoes/SHO_057.jpg,shoes,bootstrap_existing_dataset,SHO_057,SHO_057,800,800,original,,,,Recovered from existing dataset files.
SHO_058,SHO_058.jpg,dataset/originals/shoes/SHO_058.jpg,shoes,bootstrap_existing_dataset,SHO_058,SHO_058,2025,2025,original,,,,Recovered from existing dataset files.
SHO_059,SHO_059.jpg,dataset/originals/shoes/SHO_059.jpg,shoes,bootstrap_existing_dataset,SHO_059,SHO_059,800,800,original,,,,Recovered from existing dataset files.
SHO_060,SHO_060.jpg,dataset/originals/shoes/SHO_060.jpg,shoes,bootstrap_existing_dataset,SHO_060,SHO_060,1000,1000,original,,,,Recovered from existing dataset files.
