image,source_type,degradation_type,degradation_level,score_humain,score_auto,gap_auto_minus_human,disagreement_type,sharpness,exposure,contrast,color_balance,effective_resolution,framing,coherence
C:/Users/ahadj/OneDrive/ecommerce-image-quality/dataset/degraded/portable_electronics/068_lowres_high.jpg,degraded,lowres,high,0.4,0.6547,0.2547,auto_high_human_low,16.55,0.65,99.96,100.0,32.37,82.89,55.0
C:/Users/ahadj/OneDrive/ecommerce-image-quality/dataset/originals/portable_electronics/POR_038.jpg,clean,clean,,0.4,0.6637,0.2637,auto_high_human_low,100.0,0.0,9.17,100.0,91.51,86.38,55.0
C:/Users/ahadj/OneDrive/ecommerce-image-quality/dataset/originals/portable_electronics/POR_060.jpg,clean,clean,,0.4,0.6637,0.2637,auto_high_human_low,100.0,0.0,9.17,100.0,91.51,86.38,55.0
C:/Users/ahadj/OneDrive/ecommerce-image-quality/dataset/originals/shoes/SHO_060.jpg,clean,clean,,0.6,0.8726,0.2726,auto_high_human_low,100.0,89.98,76.24,100.0,60.27,98.81,55.0
C:/Users/ahadj/OneDrive/ecommerce-image-quality/dataset/degraded/shoes/165_underexposure_medium.jpg,degraded,underexposure,medium,0.3,0.5748,0.2748,auto_high_human_low,7.64,92.66,72.63,100.0,34.87,49.8,55.0
C:/Users/ahadj/OneDrive/ecommerce-image-quality/dataset/degraded/portable_electronics/061_bad_crop_high.jpg,degraded,crop,high,0.3,0.5846,0.2846,auto_high_human_low,57.77,61.93,100.0,86.88,67.49,40.36,55.0
C:/Users/ahadj/OneDrive/ecommerce-image-quality/dataset/originals/shoes/SHO_038.jpg,clean,clean,,0.4,0.705,0.305,auto_high_human_low,100.0,100.0,100.0,98.91,82.79,46.68,55.0
C:/Users/ahadj/OneDrive/ecommerce-image-quality/dataset/degraded/clothing/046_bad_crop_high.jpg,degraded,crop,high,0.1,0.4141,0.3141,auto_high_human_low,39.06,20.96,20.89,71.57,62.99,39.51,55.0
C:/Users/ahadj/OneDrive/ecommerce-image-quality/dataset/degraded/clothing/016_bad_crop_high.jpg,degraded,crop,high,0.2,0.5386,0.3386,auto_high_human_low,29.94,94.98,72.16,76.53,40.25,40.0,55.0
C:/Users/ahadj/OneDrive/ecommerce-image-quality/dataset/degraded/portable_electronics/091_bad_crop_high.jpg,degraded,crop,high,0.25,0.6589,0.4089,auto_high_human_low,81.48,100.0,100.0,100.0,73.53,40.33,55.0
C:/Users/ahadj/OneDrive/ecommerce-image-quality/dataset/degraded/clothing/031_bad_crop_high.jpg,degraded,crop,high,0.2,0.659,0.459,auto_high_human_low,100.0,55.79,100.0,92.66,66.75,49.8,55.0
C:/Users/ahadj/OneDrive/ecommerce-image-quality/dataset/originals/clothing/CLO_016.jpg,clean,clean,,0.4,0.9027,0.5027,auto_high_human_low,100.0,100.0,100.0,94.56,81.34,95.5,55.0
C:/Users/ahadj/OneDrive/ecommerce-image-quality/dataset/originals/clothing/CLO_046.jpg,clean,clean,,0.95,0.7147,-0.2353,near_agreement,100.0,20.83,28.21,84.73,88.6,91.49,55.0
C:/Users/ahadj/OneDrive/ecommerce-image-quality/dataset/originals/clothing/CLO_031.jpg,clean,clean,,0.9,0.6859,-0.2141,near_agreement,100.0,76.31,100.0,90.19,82.79,49.8,55.0
C:/Users/ahadj/OneDrive/ecommerce-image-quality/dataset/originals/clothing/CLO_038.jpg,clean,clean,,0.9,0.7054,-0.1946,near_agreement,100.0,94.55,100.0,100.0,66.5,49.8,55.0
C:/Users/ahadj/OneDrive/ecommerce-image-quality/dataset/originals/portable_electronics/POR_008.jpg,clean,clean,,0.92,0.7318,-0.1882,near_agreement,88.29,0.0,100.0,100.0,52.56,84.07,55.0
C:/Users/ahadj/OneDrive/ecommerce-image-quality/dataset/originals/shoes/SHO_008.jpg,clean,clean,,0.9,0.736,-0.164,near_agreement,100.0,100.0,100.0,100.0,83.0,53.94,55.0
C:/Users/ahadj/OneDrive/ecommerce-image-quality/dataset/originals/clothing/CLO_001.jpg,clean,clean,,0.85,0.6864,-0.1636,near_agreement,100.0,40.67,100.0,84.43,48.37,64.01,55.0
C:/Users/ahadj/OneDrive/ecommerce-image-quality/dataset/originals/shoes/SHO_015.jpg,clean,clean,,0.9,0.7522,-0.1478,near_agreement,84.0,99.08,100.0,98.33,59.23,64.55,55.0
C:/Users/ahadj/OneDrive/ecommerce-image-quality/dataset/originals/portable_electronics/POR_001.jpg,clean,clean,,0.9,0.7747,-0.1253,near_agreement,100.0,86.15,100.0,92.56,100.0,66.31,55.0
C:/Users/ahadj/OneDrive/ecommerce-image-quality/dataset/originals/shoes/SHO_030.jpg,clean,clean,,0.85,0.7307,-0.1193,near_agreement,100.0,0.0,27.81,100.0,72.23,99.51,55.0
C:/Users/ahadj/OneDrive/ecommerce-image-quality/dataset/degraded/shoes/128_jpeg_medium.jpg,degraded,jpeg,medium,0.8,0.7318,-0.0682,near_agreement,100.0,100.0,100.0,100.0,78.17,53.46,55.0
C:/Users/ahadj/OneDrive/ecommerce-image-quality/dataset/originals/clothing/CLO_023.jpg,clean,clean,,0.75,0.6944,-0.0556,near_agreement,100.0,79.6,100.0,100.0,76.21,49.8,55.0
C:/Users/ahadj/OneDrive/ecommerce-image-quality/dataset/originals/clothing/CLO_053.jpg,clean,clean,,0.6,0.5642,-0.0358,near_agreement,23.28,70.72,100.0,62.28,30.67,49.8,55.0
C:/Users/ahadj/OneDrive/ecommerce-image-quality/dataset/originals/shoes/SHO_023.jpg,clean,clean,,0.7,0.6712,-0.0288,near_agreement,100.0,53.34,100.0,100.0,77.37,50.66,55.0
C:/Users/ahadj/OneDrive/ecommerce-image-quality/dataset/degraded/portable_electronics/105_underexposure_medium.jpg,degraded,underexposure,medium,0.55,0.5318,-0.0182,near_agreement,4.45,96.15,35.53,100.0,34.22,49.8,55.0
C:/Users/ahadj/OneDrive/ecommerce-image-quality/dataset/degraded/portable_electronics/098_jpeg_medium.jpg,degraded,jpeg,medium,0.65,0.6611,0.0111,near_agreement,100.0,0.0,8.91,100.0,90.06,85.98,55.0
C:/Users/ahadj/OneDrive/ecommerce-image-quality/dataset/originals/portable_electronics/POR_045.jpg,clean,clean,,0.8,0.8435,0.0435,near_agreement,95.1,100.0,100.0,100.0,72.61,82.15,55.0
C:/Users/ahadj/OneDrive/ecommerce-image-quality/dataset/originals/shoes/SHO_045.jpg,clean,clean,,0.75,0.8202,0.0702,near_agreement,100.0,60.93,100.0,100.0,83.5,84.05,55.0
C:/Users/ahadj/OneDrive/ecommerce-image-quality/dataset/degraded/shoes/173_jpeg_medium.jpg,degraded,jpeg,medium,0.64,0.7109,0.0709,near_agreement,100.0,89.0,100.0,69.3,57.24,59.83,55.0
C:/Users/ahadj/OneDrive/ecommerce-image-quality/dataset/degraded/shoes/143_jpeg_medium.jpg,degraded,jpeg,medium,0.6,0.6734,0.0734,near_agreement,100.0,54.92,100.0,100.0,78.35,50.69,55.0
C:/Users/ahadj/OneDrive/ecommerce-image-quality/dataset/originals/portable_electronics/POR_016.jpg,clean,clean,,0.7,0.7943,0.0943,near_agreement,100.0,10.83,77.33,100.0,63.58,99.1,55.0
C:/Users/ahadj/OneDrive/ecommerce-image-quality/dataset/degraded/clothing/023_lowres_high.jpg,degraded,lowres,high,0.5,0.6008,0.1008,near_agreement,14.53,81.3,100.0,100.0,33.97,49.8,55.0
C:/Users/ahadj/OneDrive/ecommerce-image-quality/dataset/degraded/portable_electronics/076_bad_crop_high.jpg,degraded,crop,high,0.4,0.5018,0.1018,near_agreement,54.5,20.74,69.5,100.0,44.84,40.0,55.0
C:/Users/ahadj/OneDrive/ecommerce-image-quality/dataset/degraded/portable_electronics/113_jpeg_medium.jpg,degraded,jpeg,medium,0.8,0.9082,0.1082,near_agreement,100.0,99.24,100.0,100.0,100.0,93.76,55.0
C:/Users/ahadj/OneDrive/ecommerce-image-quality/dataset/originals/shoes/SHO_053.jpg,clean,clean,,0.6,0.7097,0.1097,near_agreement,100.0,87.49,100.0,68.99,58.13,59.88,55.0
C:/Users/ahadj/OneDrive/ecommerce-image-quality/dataset/degraded/clothing/008_lowres_high.jpg,degraded,lowres,high,0.5,0.6122,0.1122,near_agreement,14.38,92.24,100.0,100.0,34.38,49.8,55.0
C:/Users/ahadj/OneDrive/ecommerce-image-quality/dataset/degraded/portable_electronics/120_underexposure_medium.jpg,degraded,underexposure,medium,0.4,0.5176,0.1176,near_agreement,40.66,84.1,0.0,100.0,51.26,49.8,55.0
C:/Users/ahadj/OneDrive/ecommerce-image-quality/dataset/originals/clothing/CLO_008.jpg,clean,clean,,0.6,0.7189,0.1189,near_agreement,100.0,92.16,100.0,100.0,100.0,49.8,55.0
C:/Users/ahadj/OneDrive/ecommerce-image-quality/dataset/degraded/shoes/135_underexposure_medium.jpg,degraded,underexposure,medium,0.4,0.5227,0.1227,near_agreement,3.71,93.39,33.77,100.0,26.84,49.8,55.0
C:/Users/ahadj/OneDrive/ecommerce-image-quality/dataset/degraded/shoes/180_underexposure_medium.jpg,degraded,underexposure,medium,0.4,0.5521,0.1521,near_agreement,4.08,89.52,59.37,100.0,33.19,49.8,55.0
C:/Users/ahadj/OneDrive/ecommerce-image-quality/dataset/degraded/shoes/150_underexposure_medium.jpg,degraded,underexposure,medium,0.3,0.4729,0.1729,near_agreement,12.89,69.85,0.0,100.0,39.83,49.8,55.0
C:/Users/ahadj/OneDrive/ecommerce-image-quality/dataset/degraded/clothing/038_lowres_high.jpg,degraded,lowres,high,0.4,0.5915,0.1915,near_agreement,6.0,94.96,100.0,100.0,30.15,46.39,55.0
C:/Users/ahadj/OneDrive/ecommerce-image-quality/dataset/originals/portable_electronics/POR_023.jpg,clean,clean,,0.5,0.7009,0.2009,near_agreement,100.0,96.19,100.0,100.0,53.51,49.8,55.0
C:/Users/ahadj/OneDrive/ecommerce-image-quality/dataset/degraded/shoes/158_jpeg_medium.jpg,degraded,jpeg,medium,0.5,0.705,0.205,near_agreement,100.0,100.0,100.0,98.67,82.79,46.74,55.0
C:/Users/ahadj/OneDrive/ecommerce-image-quality/dataset/degraded/portable_electronics/083_lowres_high.jpg,degraded,lowres,high,0.42,0.6302,0.2102,near_agreement,28.0,96.88,100.0,100.0,36.73,49.8,55.0
C:/Users/ahadj/OneDrive/ecommerce-image-quality/dataset/originals/portable_electronics/POR_031.jpg,clean,clean,,0.7,0.9133,0.2133,near_agreement,100.0,99.66,100.0,100.0,100.0,94.9,55.0
C:/Users/ahadj/OneDrive/ecommerce-image-quality/dataset/originals/portable_electronics/POR_053.jpg,clean,clean,,0.7,0.9133,0.2133,near_agreement,100.0,99.66,100.0,100.0,100.0,94.9,55.0
C:/Users/ahadj/OneDrive/ecommerce-image-quality/dataset/degraded/clothing/001_bad_crop_high.jpg,degraded,crop,high,0.3,0.5222,0.2222,near_agreement,35.54,39.06,100.0,77.85,26.82,42.28,55.0
C:/Users/ahadj/OneDrive/ecommerce-image-quality/dataset/degraded/clothing/053_lowres_high.jpg,degraded,lowres,high,0.3,0.5393,0.2393,near_agreement,0.0,71.32,100.0,62.23,20.36,49.8,55.0
