product_name,product_url,image_url,category,image_width,image_height,local_path
XIAOMI 20000mAh Redmi 18W Fast Charge Power Bank (Black),https://www.jumia.ma/xiaomi-20000mah-redmi-18w-fast-charge-power-bank-black-48931123.html,https://ma.jumia.is/unsafe/fit-in/300x300/filters:fill(white)/product/32/113984/1.jpg?9919,electronics,300,300,data\raw_images\electronics\001_1.jpg
XIAOMI Power Bank 20000mAh Integrated Cable GL Dark Gray,https://www.jumia.ma/customer/account/login/?tkWl=XI737EL09PY7GNAFAMZ-69709538&return=%2Ftelephone-tablette%2F%3Fpage%3D1,https://ma.jumia.is/unsafe/fit-in/300x300/filters:fill(white)/product/16/327276/1.jpg?7670,electronics,300,300,data\raw_images\electronics\002_1.jpg
"Samsung A07 – 6,7"" – 64 GB + 4 GB Ram – Violet",https://www.jumia.ma/customer/account/login/?tkWl=SA024MP14NBZWNAFAMZ-69670726&return=%2Ftelephone-tablette%2F%3Fpage%3D1,https://ma.jumia.is/unsafe/fit-in/300x300/filters:fill(white)/product/68/273276/1.jpg?6463,electronics,300,300,data\raw_images\electronics\003_1.jpg
"Itel City 100 6,75"" C67L 256GB - 12GB (8+4) - PURE TITANIUM",https://www.jumia.ma/customer/account/login/?tkWl=IT879MP0DSRS0NAFAMZ-69845217&return=%2Ftelephone-tablette%2F%3Fpage%3D1,https://ma.jumia.is/unsafe/fit-in/300x300/filters:fill(white)/product/23/177376/1.jpg?0712,electronics,300,300,data\raw_images\electronics\004_1.jpg
"Samsung Galaxy A06 - 6,7"" - 128 Go - 6 Go RAM – Light Blue",https://www.jumia.ma/customer/account/login/?tkWl=SA024MP0JBOYINAFAMZ-68703285&return=%2Ftelephone-tablette%2F%3Fpage%3D1,https://ma.jumia.is/unsafe/fit-in/300x300/filters:fill(white)/product/32/458266/1.jpg?9980,electronics,300,300,data\raw_images\electronics\005_1.jpg
XIAOMI Redmi Watch 5 Active (Midnight Black),https://www.jumia.ma/customer/account/login/?tkWl=XI737EA01SG10NAFAMZ-68070468&return=%2Ftelephone-tablette%2F%3Fpage%3D1,https://ma.jumia.is/unsafe/fit-in/300x300/filters:fill(white)/product/03/006756/1.jpg?8103,electronics,300,300,data\raw_images\electronics\006_1.jpg
Écouteurs intra-auriculaires TWS Bluetooth 5.0 contrôle tactile,https://www.jumia.ma/customer/account/login/?tkWl=GE232EA0IJVKSNAFAMZ-69886682&return=%2Ftelephone-tablette%2F%3Fpage%3D1,https://ma.jumia.is/unsafe/fit-in/300x300/filters:fill(white)/product/31/160476/1.jpg?3592,electronics,300,300,data\raw_images\electronics\007_1.jpg
Samsung Chargeur Samsung 45W USB-C Ultra Rapide Super Fast Charging – PD / PPS – Avec Câble USB-C 5A,https://www.jumia.ma/customer/account/login/?tkWl=AD326EA0N4V5SNAFAMZ-69614158&return=%2Ftelephone-tablette%2F%3Fpage%3D1,https://ma.jumia.is/unsafe/fit-in/300x300/filters:fill(white)/product/38/858176/1.jpg?8016,electronics,300,300,data\raw_images\electronics\008_1.jpg
Samsung Galaxy A17 - 4 Go + 128 Go  - Noir - 2 ans de garantie,https://www.jumia.ma/customer/account/login/?tkWl=SA024MP11HNK4NAFAMZ-69986923&return=%2Ftelephone-tablette%2F%3Fpage%3D1,https://ma.jumia.is/unsafe/fit-in/300x300/filters:fill(white)/product/62/969476/1.jpg?8986,electronics,300,300,data\raw_images\electronics\009_1.jpg
Ring Light 26cm + Trepied Tripod Avec Support Téléphone RingLight,https://www.jumia.ma/customer/account/login/?tkWl=GE232EA1BCC1YNAFAMZ-66440241&return=%2Ftelephone-tablette%2F%3Fpage%3D1,https://ma.jumia.is/unsafe/fit-in/300x300/filters:fill(white)/product/79/517446/1.jpg?2183,electronics,300,300,data\raw_images\electronics\010_1.jpg
Samsung Galaxy A16 8GB + 256GB - Black - 2 ans de garantie,https://www.jumia.ma/customer/account/login/?tkWl=SA024MP1H8K3WNAFAMZ-68356017&return=%2Ftelephone-tablette%2F%3Fpage%3D1,https://ma.jumia.is/unsafe/fit-in/300x300/filters:fill(white)/product/89/418956/1.jpg?9459,electronics,300,300,data\raw_images\electronics\011_1.jpg
Nia Casque Bluetooth Q1 avec Microphone Radio FM support Micro SD / Auxiliaire - noir,https://www.jumia.ma/customer/account/login/?tkWl=NI264EL0IR9DLNAFAMZ-30701603&return=%2Ftelephone-tablette%2F%3Fpage%3D1,https://ma.jumia.is/unsafe/fit-in/300x300/filters:fill(white)/product/31/504953/1.jpg?6831,electronics,300,300,data\raw_images\electronics\012_1.jpg
Support de téléphone magnétique sous vide pliable,https://www.jumia.ma/customer/account/login/?tkWl=GE232EA1KD6AGNAFAMZ-69560804&return=%2Ftelephone-tablette%2F%3Fpage%3D1,https://ma.jumia.is/unsafe/fit-in/300x300/filters:fill(white)/product/94/673176/1.jpg?6804,electronics,300,300,data\raw_images\electronics\013_1.jpg
Écouteurs Bluetooth 5.3 sans Fil avec Microphone EarBuds Indicateur de batterie LED,https://www.jumia.ma/customer/account/login/?tkWl=GE232EA1F01Q8NAFAMZ-67886145&return=%2Ftelephone-tablette%2F%3Fpage%3D1,https://ma.jumia.is/unsafe/fit-in/300x300/filters:fill(white)/product/85/662656/1.jpg?4462,electronics,300,300,data\raw_images\electronics\014_1.jpg
"Montre Connectée Enfant intelligente, Carte SIM Appels SOS, Caméra",https://www.jumia.ma/customer/account/login/?tkWl=GE232EA1G3MTKNAFAMZ-70092233&return=%2Ftelephone-tablette%2F%3Fpage%3D1,https://ma.jumia.is/unsafe/fit-in/300x300/filters:fill(white)/product/87/509576/1.jpg?7149,electronics,300,300,data\raw_images\electronics\015_1.jpg
"Casque Bluetooth P9 PLUS Sans Fil – Headphones Bluetooth 5.0, Micro Intégré, AUX & Carte SD, Autonomie Longue – Casque Gamer & Usage Quotidien",https://www.jumia.ma/customer/account/login/?tkWl=GE232EA00COGONAFAMZ-70014978&return=%2Ftelephone-tablette%2F%3Fpage%3D1,https://ma.jumia.is/unsafe/fit-in/300x300/filters:fill(white)/product/00/591576/1.jpg?9282,electronics,300,300,data\raw_images\electronics\016_1.jpg
"Cclamp Panneau Solaire Pliable Portable 40W – Chargeur Solaire avec 2 Ports USB QC3.0 & DC – Résistant à l’Eau, Léger & Compact pour Camping, Voyage et Extérieur",https://www.jumia.ma/customer/account/login/?tkWl=CC576EA1M0P44NAFAMZ-69636375&return=%2Ftelephone-tablette%2F%3Fpage%3D1,https://ma.jumia.is/unsafe/fit-in/300x300/filters:fill(white)/product/97/450276/1.jpg?3866,electronics,300,300,data\raw_images\electronics\017_1.jpg
XIAOMI Redmi A5 3GB 64GB Midnight Black,https://www.jumia.ma/customer/account/login/?tkWl=XI737MP02KEQYNAFAMZ-68841805&return=%2Ftelephone-tablette%2F%3Fpage%3D1,https://ma.jumia.is/unsafe/fit-in/300x300/filters:fill(white)/product/04/311466/1.jpg?0714,electronics,300,300,data\raw_images\electronics\018_1.jpg
Itel Écouteurs Bluetooth sans fil BudsNeo Pro - Noir,https://www.jumia.ma/customer/account/login/?tkWl=IT879EA0DSHO4NAFAMZ-69680157&return=%2Ftelephone-tablette%2F%3Fpage%3D1,https://ma.jumia.is/unsafe/fit-in/300x300/filters:fill(white)/product/23/164276/2.jpg?5368,electronics,300,300,data\raw_images\electronics\019_2.jpg
Nia Casque Originale bluetooth  Q1 Appel-lecteur Micro SD / TF-radio FM,https://www.jumia.ma/customer/account/login/?tkWl=NI264EL1G6WI4NAFAMZ-18309335&return=%2Ftelephone-tablette%2F%3Fpage%3D1,https://ma.jumia.is/unsafe/fit-in/300x300/filters:fill(white)/product/87/662092/1.jpg?5216,electronics,300,300,data\raw_images\electronics\020_1.jpg
Ring Light 20cm + Trepied Noir Tripod Studio photo RingLight 3 Lumiere,https://www.jumia.ma/customer/account/login/?tkWl=GE232EA1E8G1QNAFAMZ-66862007&return=%2Ftelephone-tablette%2F%3Fpage%3D1,https://ma.jumia.is/unsafe/fit-in/300x300/filters:fill(white)/product/84/374846/1.jpg?7585,electronics,300,300,data\raw_images\electronics\021_1.jpg
Anker 322 PowerLine USB C vers Lightning 60 W 1m Noir,https://www.jumia.ma/customer/account/login/?tkWl=AN045EA0AJYGCNAFAMZ-69710410&return=%2Ftelephone-tablette%2F%3Fpage%3D1,https://ma.jumia.is/unsafe/fit-in/300x300/filters:fill(white)/product/17/727276/1.jpg?4034,electronics,300,300,data\raw_images\electronics\022_1.jpg
"Montre intelligente S20 PRO MAX Ultra + écouteurs, NFC, pression artérielle, sport + écouteurs",https://www.jumia.ma/customer/account/login/?tkWl=GE232EA0C3JDONAFAMZ-69881438&return=%2Ftelephone-tablette%2F%3Fpage%3D1,https://ma.jumia.is/unsafe/fit-in/300x300/filters:fill(white)/product/20/320476/1.jpg?8136,electronics,300,300,data\raw_images\electronics\023_1.jpg
"Apple iPhone 17 Pro Max 256 Go 6,9"" 12 Go RAM Puce A19 Pro Orange Cosmique iOS",https://www.jumia.ma/customer/account/login/?tkWl=AP009MP0BXLHONAFAMZ-69666705&return=%2Ftelephone-tablette%2F%3Fpage%3D1,https://ma.jumia.is/unsafe/fit-in/300x300/filters:fill(white)/product/20/043276/1.jpg?3036,electronics,300,300,data\raw_images\electronics\024_1.jpg
Anker Chargeur Rapide 20W USB-C Recharge Ultra Efficace pour Smartphone et Tablette,https://www.jumia.ma/customer/account/login/?tkWl=AN045EA0B2SX2NAFAMZ-69050953&return=%2Ftelephone-tablette%2F%3Fpage%3D1,https://ma.jumia.is/unsafe/fit-in/300x300/filters:fill(white)/product/18/606566/1.jpg?9315,electronics,300,300,data\raw_images\electronics\025_1.jpg
"Soundpeats Q3 Pro Wireless Earbuds - Bluetooth 6.0 - 42 Hours Playtime - Call Noise Cancellation, IP55 Waterproof - ANC -38dB",https://www.jumia.ma/customer/account/login/?tkWl=SO381EA0BEQK0NAFAMZ-69782111&return=%2Ftelephone-tablette%2F%3Fpage%3D1,https://ma.jumia.is/unsafe/fit-in/300x300/filters:fill(white)/product/19/163376/1.jpg?1423,electronics,300,300,data\raw_images\electronics\026_1.jpg
Itel Power Bank 10000 mAh Cable V8 Intégré 12m IPP-53 - Noir,https://www.jumia.ma/customer/account/login/?tkWl=IT879EA10RDKKNAFAMZ-69919756&return=%2Ftelephone-tablette%2F%3Fpage%3D1,https://ma.jumia.is/unsafe/fit-in/300x300/filters:fill(white)/product/61/743476/1.jpg?5685,electronics,300,300,data\raw_images\electronics\027_1.jpg
Itel A100C 6.6’’ – 6GB (2+4) RAM + 64 ROM – Bleu,https://www.jumia.ma/customer/account/login/?tkWl=IT879MP1LHUESNAFAMZ-70107659&return=%2Ftelephone-tablette%2F%3Fpage%3D1,https://ma.jumia.is/unsafe/fit-in/300x300/filters:fill(white)/product/96/570676/1.jpg?8567,electronics,300,300,data\raw_images\electronics\028_1.jpg
bracelet pour apple watch magnétique en acier inoxydable avec Boucle de Verrouillage Magnétique-Gris  de 42-44mm,https://www.jumia.ma/customer/account/login/?tkWl=GE232EA1F5J18NAFAMZ-44440323&return=%2Ftelephone-tablette%2F%3Fpage%3D1,https://ma.jumia.is/unsafe/fit-in/300x300/filters:fill(white)/product/85/918364/1.jpg?1860,electronics,300,300,data\raw_images\electronics\029_1.jpg
Samsung Memory Card Micro SD Carte Mémoire Micro SDXC Classe 10 128 GB 130MB/s,https://www.jumia.ma/customer/account/login/?tkWl=SA024EA0A1FDMNAFAMZ-66727587&return=%2Ftelephone-tablette%2F%3Fpage%3D1,https://ma.jumia.is/unsafe/fit-in/300x300/filters:fill(white)/product/16/862746/1.jpg?4254,electronics,300,300,data\raw_images\electronics\030_1.jpg
"Écouteurs sans fil Bluetooth, réduction du bruit ENC, son stéréo basse profonde affichage LED",https://www.jumia.ma/customer/account/login/?tkWl=GE232EA16T7RGNAFAMZ-68324126&return=%2Ftelephone-tablette%2F%3Fpage%3D1,https://ma.jumia.is/unsafe/fit-in/300x300/filters:fill(white)/product/71/906956/1.jpg?4666,electronics,300,300,data\raw_images\electronics\031_1.jpg
Coque Silicone Transparente Charge Induction pour Samsung Galaxy S26 ULTRA Sans Fil Magnetic,https://www.jumia.ma/customer/account/login/?tkWl=GE232EA1N0MMSNAFAMZ-70170674&return=%2Ftelephone-tablette%2F%3Fpage%3D1,https://ma.jumia.is/unsafe/fit-in/300x300/filters:fill(white)/product/99/126676/1.jpg?6365,electronics,300,300,data\raw_images\electronics\032_1.jpg
"Montre Connectée Enfant intelligente, Carte SIM pour Appels SOS, Caméra",https://www.jumia.ma/customer/account/login/?tkWl=GE232EA161EP4NAFAMZ-70092262&return=%2Ftelephone-tablette%2F%3Fpage%3D1,https://ma.jumia.is/unsafe/fit-in/300x300/filters:fill(white)/product/70/609576/1.jpg?7898,electronics,300,300,data\raw_images\electronics\033_1.jpg
Support de téléphone magnétique pliable rotatif à 360 degrés support de voiture à ventouse pour tableau de bord,https://www.jumia.ma/customer/account/login/?tkWl=GE232EA0RIT9SNAFAMZ-69827986&return=%2Ftelephone-tablette%2F%3Fpage%3D1,https://ma.jumia.is/unsafe/fit-in/300x300/filters:fill(white)/product/46/227376/1.jpg?1031,electronics,300,300,data\raw_images\electronics\034_1.jpg
"Stylet universel pour écran tactile, stylo tactile de dessin sur tablette",https://www.jumia.ma/customer/account/login/?tkWl=GE232EA1NAM14NAFAMZ-67620781&return=%2Ftelephone-tablette%2F%3Fpage%3D1,https://ma.jumia.is/unsafe/fit-in/300x300/filters:fill(white)/product/99/592456/1.jpg?8382,electronics,300,300,data\raw_images\electronics\035_1.jpg
JBL Casque Bluetooth Tune 520BT – Noir,https://www.jumia.ma/customer/account/login/?tkWl=JB452EA14Y6Q0NAFAMZ-67992888&return=%2Ftelephone-tablette%2F%3Fpage%3D1,https://ma.jumia.is/unsafe/fit-in/300x300/filters:fill(white)/product/68/779656/1.jpg?0266,electronics,300,300,data\raw_images\electronics\036_1.jpg
écouteurs filaires intra-auriculaires oreillettes avec câble 3m sans micro,https://www.jumia.ma/customer/account/login/?tkWl=GE232EA14BUX2NAFAMZ-64612248&return=%2Ftelephone-tablette%2F%3Fpage%3D1,https://ma.jumia.is/unsafe/fit-in/300x300/filters:fill(white)/product/67/737926/1.jpg?3824,electronics,300,300,data\raw_images\electronics\037_1.jpg
TWS Écouteurs M10 True Wireless Bluetooth Écouteurs Tactiles casque BT 5.1,https://www.jumia.ma/customer/account/login/?tkWl=TW500EA1JU1H8NAFAMZ-69890042&return=%2Ftelephone-tablette%2F%3Fpage%3D1,https://ma.jumia.is/unsafe/fit-in/300x300/filters:fill(white)/product/93/780476/1.jpg?2531,electronics,300,300,data\raw_images\electronics\038_1.jpg
"JEMCO tablette 4G WIFI 10.1"" 4GO RAM 64GO ROM FHD(Pochette+Clavier+Stylet+écouteurs+Souris sans fil Gratuit)",https://www.jumia.ma/customer/account/login/?tkWl=JE832MP1397TWNAFAMZ-69469094&return=%2Ftelephone-tablette%2F%3Fpage%3D1,https://ma.jumia.is/unsafe/fit-in/300x300/filters:fill(white)/product/65/935076/1.jpg?9439,electronics,300,300,data\raw_images\electronics\039_1.jpg
"Soundpeats Écouteurs sans fil C30 - Bluetooth 6 - Drivers 12mm - 6 micros avec ENC - Appels clairs avec basses profondes, Mode jeu, Autonomie 52h, IPX4, Personnaliser l'EQ via l'application - Black",https://www.jumia.ma/customer/account/login/?tkWl=SO381EA0R0SI8NAFAMZ-70068174&return=%2Ftelephone-tablette%2F%3Fpage%3D1,https://ma.jumia.is/unsafe/fit-in/300x300/filters:fill(white)/product/45/386576/1.jpg?9209,electronics,300,300,data\raw_images\electronics\040_1.jpg
XIAOMI Redmi 15C 8GB 256GB Midnight Black,https://www.jumia.ma/customer/account/login/?tkWl=XI737MP0W1PBCNAFAMZ-69599939&return=%2Ftelephone-tablette%2F%3Fpage%3D2,https://ma.jumia.is/unsafe/fit-in/300x300/filters:fill(white)/product/53/827176/1.jpg?7451,electronics,300,300,data\raw_images\electronics\041_1.jpg
Anker 544 PowerLine USB C vers USB C 140 W 1m Noir,https://www.jumia.ma/customer/account/login/?tkWl=AN045EA14BMP8NAFAMZ-69710415&return=%2Ftelephone-tablette%2F%3Fpage%3D2,https://ma.jumia.is/unsafe/fit-in/300x300/filters:fill(white)/product/67/727276/1.jpg?4874,electronics,300,300,data\raw_images\electronics\042_1.jpg
Itel A100C 6.6’’ – 6GB (2+4) RAM + 64 ROM – Noir,https://www.jumia.ma/customer/account/login/?tkWl=IT879MP04I9KKNAFAMZ-70107660&return=%2Ftelephone-tablette%2F%3Fpage%3D2,https://ma.jumia.is/unsafe/fit-in/300x300/filters:fill(white)/product/07/570676/1.jpg?8545,electronics,300,300,data\raw_images\electronics\043_1.jpg
Samsung Memory Card Micro SD Carte Mémoire Micro SDXC Classe 10 128 GB 130MB/s,https://www.jumia.ma/samsung-memory-card-micro-sd-carte-memoire-micro-sdxc-classe-10-128-gb-130mbs-59758408.html,https://ma.jumia.is/unsafe/fit-in/300x300/filters:fill(white)/product/80/485795/4.jpg?6040,electronics,300,300,data\raw_images\electronics\044_4.jpg
Meizu Mblu 21 - 6GB + 128 GB - TITAN BLACK,https://www.jumia.ma/customer/account/login/?tkWl=ME676MP0IQQEWNAFAMZ-69749607&return=%2Ftelephone-tablette%2F%3Fpage%3D2,https://ma.jumia.is/unsafe/fit-in/300x300/filters:fill(white)/product/31/480376/1.jpg?6474,electronics,300,300,data\raw_images\electronics\045_1.jpg
"Samsung Carte mémoire 256G EVO Plus microSDXC™160MB/s UHS-I, U3, A2, V30, Full HD & 4K UHD Memory Card for Android Smartphones, Tablets, Go Pro and Drone",https://www.jumia.ma/samsung-carte-memoire-256g-evo-plus-microsdxctm160mbs-uhs-i-u3-a2-v30-full-hd-4k-uhd-memory-card-for-android-smartphones-tablets-go-pro-and-drone-65975282.html,https://ma.jumia.is/unsafe/fit-in/300x300/filters:fill(white)/product/28/257956/1.jpg?1566,electronics,300,300,data\raw_images\electronics\046_1.jpg
XIAOMI Type-C Earphones (Black),https://www.jumia.ma/customer/account/login/?tkWl=XI737EA0ULKIWNAFAMZ-68186011&return=%2Ftelephone-tablette%2F%3Fpage%3D2,https://ma.jumia.is/unsafe/fit-in/300x300/filters:fill(white)/product/51/394856/1.jpg?4778,electronics,300,300,data\raw_images\electronics\047_1.jpg
"XIAOMI Câble Original USB C Charge Turbo 6A pour Chargeur 33W,67W et 120 Watts",https://www.jumia.ma/xiaomi-cable-original-usb-c-charge-turbo-6a-pour-chargeur-33w67w-et-120-watts-65765614.html,https://ma.jumia.is/unsafe/fit-in/300x300/filters:fill(white)/product/41/656756/1.jpg?2045,electronics,300,300,data\raw_images\electronics\048_1.jpg
"Tripod Support Pour telephone Trépied d'appareil Photo Camera,",https://www.jumia.ma/customer/account/login/?tkWl=GE232EL0ULTMUNAFAMZ-14224748&return=%2Ftelephone-tablette%2F%3Fpage%3D2,https://ma.jumia.is/unsafe/fit-in/300x300/filters:fill(white)/product/51/406662/1.jpg?9908,electronics,300,300,data\raw_images\electronics\049_1.jpg
Écouteur woman plus,https://www.jumia.ma/generic-ecouteur-woman-plus-67652232.html,https://ma.jumia.is/unsafe/fit-in/300x300/filters:fill(white)/product/23/225676/1.jpg?6523,electronics,300,300,data\raw_images\electronics\050_1.jpg
Meizu Mblu 21 - 6GB + 128 GB - DIAMOND WHITE,https://www.jumia.ma/customer/account/login/?tkWl=ME676MP0OP2GONAFAMZ-69749608&return=%2Ftelephone-tablette%2F%3Fpage%3D2,https://ma.jumia.is/unsafe/fit-in/300x300/filters:fill(white)/product/41/480376/1.jpg?6381,electronics,300,300,data\raw_images\electronics\051_1.jpg
XIAOMI Redmi A5 4GB 128GB Lake Green,https://www.jumia.ma/customer/account/login/?tkWl=XI737MP03XAUUNAFAMZ-68968217&return=%2Ftelephone-tablette%2F%3Fpage%3D2,https://ma.jumia.is/unsafe/fit-in/300x300/filters:fill(white)/product/06/592566/1.jpg?1470,electronics,300,300,data\raw_images\electronics\052_1.jpg
Support Téléphone de Voiture sur Pare brise Tableau bord (Ventouse ULTRA SOLIDE),https://www.jumia.ma/generic-support-telephone-de-voiture-sur-pare-brise-tableau-bord-ventouse-ultra-solide-62661728.html,https://ma.jumia.is/unsafe/fit-in/300x300/filters:fill(white)/product/82/716626/1.jpg?9263,electronics,300,300,data\raw_images\electronics\053_1.jpg
Samsung Galaxy A17 4 Go + 128 Go  - Bleu - 2 ans de garantie,https://www.jumia.ma/customer/account/login/?tkWl=SA024MP0PKZGKNAFAMZ-69986921&return=%2Ftelephone-tablette%2F%3Fpage%3D2,https://ma.jumia.is/unsafe/fit-in/300x300/filters:fill(white)/product/42/969476/1.jpg?8457,electronics,300,300,data\raw_images\electronics\054_1.jpg
XIAOMI Mi Usb Type-C To Type-C Cable 150 Cm White,https://www.jumia.ma/customer/account/login/?tkWl=XI737EL0XDPHGNAFAMZ-47576417&return=%2Ftelephone-tablette%2F%3Fpage%3D2,https://ma.jumia.is/unsafe/fit-in/300x300/filters:fill(white)/product/56/066884/1.jpg?7675,electronics,300,300,data\raw_images\electronics\055_1.jpg
Deep Bass R9 ecouteurs casque Bluetooth V5.0+EDR sans fil HandsFree Music-TSuppor TF Card-FM-Audio input GRB,https://www.jumia.ma/customer/account/login/?tkWl=DE646EA0NSC1CNAFAMZ-64804454&return=%2Ftelephone-tablette%2F%3Fpage%3D2,https://ma.jumia.is/unsafe/fit-in/300x300/filters:fill(white)/product/39/953136/1.jpg?6126,electronics,300,300,data\raw_images\electronics\056_1.jpg
Motorola Telephones E201 sans fil numerique -Mains Libre Haut Parleur-Blocage d'appel fibre ADSL COMPATIBLE,https://www.jumia.ma/customer/account/login/?tkWl=MO215EA00F9O8NAFAMZ-69764459&return=%2Ftelephone-tablette%2F%3Fpage%3D2,https://ma.jumia.is/unsafe/fit-in/300x300/filters:fill(white)/product/00/712376/1.jpg?7103,electronics,300,300,data\raw_images\electronics\057_1.jpg
"Anker Chargeur mural USB-C 20 W, puissance de sortie Type-C 20W, protection contre les courts-circuits, les surintensités, les surtensions, charge rapide Compact Certifié apple Original, blanc  A2347L21",https://www.jumia.ma/customer/account/login/?tkWl=AN045EA0HQBAWNAFAMZ-69540870&return=%2Ftelephone-tablette%2F%3Fpage%3D2,https://ma.jumia.is/unsafe/fit-in/300x300/filters:fill(white)/product/29/781176/1.jpg?2544,electronics,300,300,data\raw_images\electronics\058_1.jpg
pack Combo avec Smart Watch Ultra 8 Montre Intelligente et Ecouteur Sans Fil Bluetooth,https://www.jumia.ma/customer/account/login/?tkWl=GE232EA16O00UNAFAMZ-66621900&return=%2Ftelephone-tablette%2F%3Fpage%3D2,https://ma.jumia.is/unsafe/fit-in/300x300/filters:fill(white)/product/71/663646/1.jpg?7364,electronics,300,300,data\raw_images\electronics\059_1.jpg
XIAOMI Redmi 15C 6GB 128GB Midnight Black,https://www.jumia.ma/customer/account/login/?tkWl=XI737MP0Q3D9KNAFAMZ-69599938&return=%2Ftelephone-tablette%2F%3Fpage%3D2,https://ma.jumia.is/unsafe/fit-in/300x300/filters:fill(white)/product/43/827176/1.jpg?1606,electronics,300,300,data\raw_images\electronics\060_1.jpg
XIAOMI Redmi A5 4GB 128GB Ocean Blue,https://www.jumia.ma/customer/account/login/?tkWl=XI737MP0FTYYENAFAMZ-68968219&return=%2Ftelephone-tablette%2F%3Fpage%3D2,https://ma.jumia.is/unsafe/fit-in/300x300/filters:fill(white)/product/26/592566/1.jpg?1349,electronics,300,300,data\raw_images\electronics\061_1.jpg
Samsung Galaxy A16 8GB + 256GB - Light Green - 2 ans de garantie,https://www.jumia.ma/customer/account/login/?tkWl=SA024MP15BW0CNAFAMZ-68356015&return=%2Ftelephone-tablette%2F%3Fpage%3D2,https://ma.jumia.is/unsafe/fit-in/300x300/filters:fill(white)/product/69/418956/1.jpg?0007,electronics,300,300,data\raw_images\electronics\062_1.jpg
Oraimo SpaceBuds Air+ Écouteurs Sans Fil Véritables avec finition métallique et résistance IPX4 - 30 Heures - 4-Mic ENC - Graphite Black,https://www.jumia.ma/customer/account/login/?tkWl=OR080EA13DN38NAFAMZ-69897528&return=%2Ftelephone-tablette%2F%3Fpage%3D2,https://ma.jumia.is/unsafe/fit-in/300x300/filters:fill(white)/product/66/141476/1.jpg?8365,electronics,300,300,data\raw_images\electronics\063_1.jpg
Ecouteurs filaire avec microphone  pour iPhone 7/7plus 8/8plusmax/Xr max 11/pro,https://www.jumia.ma/ecouteurs-filaire-avec-microphone-pour-iphone-77plus-88plusmaxxr-max-11pro-generic-mpg947391.html,https://ma.jumia.is/unsafe/fit-in/300x300/filters:fill(white)/product/66/728564/1.jpg?6459,electronics,300,300,data\raw_images\electronics\064_1.jpg
"Stylo tactile de dessin, Stylet universel pour écran tactile",https://www.jumia.ma/customer/account/login/?tkWl=GE232EA00EUAWNAFAMZ-67620782&return=%2Ftelephone-tablette%2F%3Fpage%3D2,https://ma.jumia.is/unsafe/fit-in/300x300/filters:fill(white)/product/00/692456/1.jpg?4285,electronics,300,300,data\raw_images\electronics\065_1.jpg
Oppo Reno15 F 5G - 12GB + 512 GB - 50MP Selfie Ultra Grand-Angle - 7000mAh de batterie - Twilight Blue + Lunettes Intelligentes,https://www.jumia.ma/customer/account/login/?tkWl=OP168MP1ENW8SNAFAMZ-70167251&return=%2Ftelephone-tablette%2F%3Fpage%3D2,https://ma.jumia.is/unsafe/fit-in/300x300/filters:fill(white)/product/85/095676/1.jpg?1685,electronics,300,300,data\raw_images\electronics\066_1.jpg
Oraimo Montre connectée femme Watch 5 lite OSW-804,https://www.jumia.ma/customer/account/login/?tkWl=OR080EA0KCMIONAFAMZ-69760888&return=%2Ftelephone-tablette%2F%3Fpage%3D2,https://ma.jumia.is/unsafe/fit-in/300x300/filters:fill(white)/product/34/181376/1.jpg?8475,electronics,300,300,data\raw_images\electronics\067_1.jpg
"Deep Bass R8 Casque pliables Sans Fil Bluetooth Hifi, Stéréo, Mains Libres et Aux, suppression du bruit",https://www.jumia.ma/customer/account/login/?tkWl=DE646EA0ODSI8NAFAMZ-67321792&return=%2Ftelephone-tablette%2F%3Fpage%3D2,https://ma.jumia.is/unsafe/fit-in/300x300/filters:fill(white)/product/40/954256/1.jpg?9516,electronics,300,300,data\raw_images\electronics\068_1.jpg
"TWS Écouteurs Airpods Pro Bluetooth sans fil, Earpods Pro...",https://www.jumia.ma/customer/account/login/?tkWl=TW500EA0LGWFWNAFAMZ-69886611&return=%2Ftelephone-tablette%2F%3Fpage%3D2,https://ma.jumia.is/unsafe/fit-in/300x300/filters:fill(white)/product/36/060476/1.jpg?0412,electronics,300,300,data\raw_images\electronics\069_1.jpg
"Deep Bass Casque Bluetooth Sans Fil R19 avec Son Puissant, Éclairage RGB, Carte TF, FM Radio et Entrée Audio, Design Pliable – Autonomie Longue Durée 10H",https://www.jumia.ma/customer/account/login/?tkWl=DE646EA1G0ZLSNAFAMZ-69595109&return=%2Ftelephone-tablette%2F%3Fpage%3D2,https://ma.jumia.is/unsafe/fit-in/300x300/filters:fill(white)/product/87/386176/1.jpg?4882,electronics,300,300,data\raw_images\electronics\070_1.jpg
"Stylet Tactile Haute Précision pour iPad – Compatible Apple Pencil 1 & 2, Rejet de Paume, Affichage LED, iPad Pro, Air, Mini (2018-2022)",https://www.jumia.ma/customer/account/login/?tkWl=GE232EA0VJENYNAFAMZ-68977327&return=%2Ftelephone-tablette%2F%3Fpage%3D2,https://ma.jumia.is/unsafe/fit-in/300x300/filters:fill(white)/product/52/973566/1.jpg?8206,electronics,300,300,data\raw_images\electronics\071_1.jpg
"P9 Casque Bluetooth P9 Sans Fil, Ecouteur Bluetooth 5.0",https://www.jumia.ma/customer/account/login/?tkWl=GE232EA1BDA5GNAFAMZ-65370564&return=%2Ftelephone-tablette%2F%3Fpage%3D2,https://ma.jumia.is/unsafe/fit-in/300x300/filters:fill(white)/product/79/561636/1.jpg?8423,electronics,300,300,data\raw_images\electronics\072_1.jpg
"Anker Soundcore A20i – Écouteurs True Wireless, 28 h Autonomie, Bluetooth 5.3",https://www.jumia.ma/customer/account/login/?tkWl=AN045EA0HKODCNAFAMZ-69609367&return=%2Ftelephone-tablette%2F%3Fpage%3D2,https://ma.jumia.is/unsafe/fit-in/300x300/filters:fill(white)/product/29/518176/1.jpg?3302,electronics,300,300,data\raw_images\electronics\073_1.jpg
Écouteurs Bluetooth 5.3 sans Fil avec Microphone EarBuds Indicateur de batterie LED,https://www.jumia.ma/customer/account/login/?tkWl=GE232EA10BND8NAFAMZ-70203202&return=%2Ftelephone-tablette%2F%3Fpage%3D2,https://ma.jumia.is/unsafe/fit-in/300x300/filters:fill(white)/product/61/009676/1.jpg?6942,electronics,300,300,data\raw_images\electronics\074_1.jpg
trépied professionnel léger tripod caméra telephone en alliage d'aluminium,https://www.jumia.ma/customer/account/login/?tkWl=GE232EL0I46GTNAFAMZ-35353965&return=%2Ftelephone-tablette%2F%3Fpage%3D2,https://ma.jumia.is/unsafe/fit-in/300x300/filters:fill(white)/product/30/428093/1.jpg?9114,electronics,300,300,data\raw_images\electronics\075_1.jpg
XIAOMI Smartphone 14C – 8 Go RAM 256 Go – Noir,https://www.jumia.ma/xiaomi-smartphone-14c-8-go-ram-256-go-noir-65989127.html,https://ma.jumia.is/unsafe/fit-in/300x300/filters:fill(white)/product/72/198956/1.jpg?2426,electronics,300,300,data\raw_images\electronics\076_1.jpg
Lenovo LP40 TWS - Noire - véritable écouteurs sans fil Bluetooth,https://www.jumia.ma/customer/account/login/?tkWl=LE018EA1I3AANNAFAMZ-58570216&return=%2Ftelephone-tablette%2F%3Fpage%3D2,https://ma.jumia.is/unsafe/fit-in/300x300/filters:fill(white)/product/90/852575/1.jpg?6931,electronics,300,300,data\raw_images\electronics\077_1.jpg
Itel A100C 6.6’’ – 6GB (2+4) RAM + 64 ROM – Gold,https://www.jumia.ma/customer/account/login/?tkWl=IT879MP1FJID0NAFAMZ-70107658&return=%2Ftelephone-tablette%2F%3Fpage%3D2,https://ma.jumia.is/unsafe/fit-in/300x300/filters:fill(white)/product/86/570676/1.jpg?8473,electronics,300,300,data\raw_images\electronics\078_1.jpg
Ugreen A+C Dual-Port Car Charger PD30W+SCP22.5W,https://www.jumia.ma/customer/account/login/?tkWl=UG537EA0EFZ3ONAFAMZ-68370590&return=%2Ftelephone-tablette%2F%3Fpage%3D2,https://ma.jumia.is/unsafe/fit-in/300x300/filters:fill(white)/product/24/259956/1.jpg?1922,electronics,300,300,data\raw_images\electronics\079_1.jpg
Câble de Chargement USB pour Garmin Fenix s 6 5 plus 5x vivoactive 3 watch ..,https://www.jumia.ma/customer/account/login/?tkWl=GE232EA04WHC6NAFAMZ-64524692&return=%2Ftelephone-tablette%2F%3Fpage%3D2,https://ma.jumia.is/unsafe/fit-in/300x300/filters:fill(white)/product/08/233926/1.jpg?0104,electronics,300,300,data\raw_images\electronics\080_1.jpg
"3 Pc Support de Coque de Téléphone à Ventouse en Silicone, pour iPhone et Android",https://www.jumia.ma/customer/account/login/?tkWl=GE232EA0WTGJKNAFAMZ-69544242&return=%2Ftelephone-tablette%2F%3Fpage%3D3,https://ma.jumia.is/unsafe/fit-in/300x300/filters:fill(white)/product/55/122176/1.jpg?6248,electronics,300,300,data\raw_images\electronics\081_1.jpg
Support Magnétique pour Smartphone Rotatif pour Voiture Tableau de Bord Téléphone Aimant Mural cuisine (Silver &Noir),https://www.jumia.ma/customer/account/login/?tkWl=GE232EA01EKHWNAFAMZ-44455942&return=%2Ftelephone-tablette%2F%3Fpage%3D3,https://ma.jumia.is/unsafe/fit-in/300x300/filters:fill(white)/product/02/359364/1.jpg?9235,electronics,300,300,data\raw_images\electronics\082_1.jpg
Oppo Reno15 F 5G - 12GB + 512 GB - 50MP Selfie Ultra Grand-Angle - 7000mAh de batterie – Aurora Blue + Lunettes Intelligentes,https://www.jumia.ma/customer/account/login/?tkWl=OP168MP09KZI4NAFAMZ-70167254&return=%2Ftelephone-tablette%2F%3Fpage%3D3,https://ma.jumia.is/unsafe/fit-in/300x300/filters:fill(white)/product/16/095676/1.jpg?1684,electronics,300,300,data\raw_images\electronics\083_1.jpg
DK101 sans fil écouteur Bluetooth Mini écouteurs pour iPhone Xiaomi Samsung,https://www.jumia.ma/customer/account/login/?tkWl=GE232EA0TN4JYNAFAMZ-43857528&return=%2Ftelephone-tablette%2F%3Fpage%3D3,https://ma.jumia.is/unsafe/fit-in/300x300/filters:fill(white)/product/49/787854/1.jpg?7441,electronics,300,300,data\raw_images\electronics\084_1.jpg
Support Telephone Portable Pour PC Portable Ordinateur Bureau - Travail Maison Film Music,https://www.jumia.ma/customer/account/login/?tkWl=GE232EA1CHYFUNAFAMZ-43274531&return=%2Ftelephone-tablette%2F%3Fpage%3D3,https://ma.jumia.is/unsafe/fit-in/300x300/filters:fill(white)/product/81/459354/1.jpg?0986,electronics,300,300,data\raw_images\electronics\085_1.jpg
"Montre intelligente connectée enfant Smart watch Smartwatch GP S,Camera,SOS,SIM..",https://www.jumia.ma/customer/account/login/?tkWl=GE232EA0ZFBMSNAFAMZ-69892225&return=%2Ftelephone-tablette%2F%3Fpage%3D3,https://ma.jumia.is/unsafe/fit-in/300x300/filters:fill(white)/product/59/501476/1.jpg?1226,electronics,300,300,data\raw_images\electronics\086_1.jpg
"L8Star BM10 Mini Cell Phone, Mini Mobile Dual Sim Card",https://www.jumia.ma/customer/account/login/?tkWl=L8092MP06PTQUNAFAMZ-66608491&return=%2Ftelephone-tablette%2F%3Fpage%3D3,https://ma.jumia.is/unsafe/fit-in/300x300/filters:fill(white)/product/11/282646/1.jpg?7263,electronics,300,300,data\raw_images\electronics\087_1.jpg
"Montre Connectée Enfant intelligente, Carte SIM Appels, SOS, Caméra",https://www.jumia.ma/customer/account/login/?tkWl=GE232EA12BUTSNAFAMZ-70088041&return=%2Ftelephone-tablette%2F%3Fpage%3D3,https://ma.jumia.is/unsafe/fit-in/300x300/filters:fill(white)/product/64/378576/1.jpg?5884,electronics,300,300,data\raw_images\electronics\088_1.jpg
Oraimo SpaceBuds Neo+ ANC Spatial Audio True Wireless Earphones - Speed Black,https://www.jumia.ma/customer/account/login/?tkWl=OR080EA167SBSNAFAMZ-69597846&return=%2Ftelephone-tablette%2F%3Fpage%3D3,https://ma.jumia.is/unsafe/fit-in/300x300/filters:fill(white)/product/70/907176/1.jpg?3058,electronics,300,300,data\raw_images\electronics\089_1.jpg
"Smart Watch S20 Pro Max Ultra + Écouteurs Pro5 – Montre Connectée Appel Bluetooth, Sport, Suivi Santé & Compatible Android/iOS",https://www.jumia.ma/customer/account/login/?tkWl=GE232EA0SJVGCNAFAMZ-69953601&return=%2Ftelephone-tablette%2F%3Fpage%3D3,https://ma.jumia.is/unsafe/fit-in/300x300/filters:fill(white)/product/47/956476/1.jpg?9789,electronics,300,300,data\raw_images\electronics\090_1.jpg
Support 360 rotatif universel Flexible paresseux  pour Smartphones,https://www.jumia.ma/customer/account/login/?tkWl=GE232EL0ZEV3GNAFAMZ-41628684&return=%2Ftelephone-tablette%2F%3Fpage%3D3,https://ma.jumia.is/unsafe/fit-in/300x300/filters:fill(white)/product/59/480044/1.jpg?0089,electronics,300,300,data\raw_images\electronics\091_1.jpg
Logicom Téléphone fixe sans fil + carte Sim,https://www.jumia.ma/customer/account/login/?tkWl=LO430EA0FS4O0NAFAMZ-67940710&return=%2Ftelephone-tablette%2F%3Fpage%3D3,https://ma.jumia.is/unsafe/fit-in/300x300/filters:fill(white)/product/26/506656/1.jpg?6470,electronics,300,300,data\raw_images\electronics\092_1.jpg
Nokia Téléphone 2720 Flip - Dual sim Gris,https://www.jumia.ma/customer/account/login/?tkWl=NO228MP0WRTZ8NAFAMZ-69700398&return=%2Ftelephone-tablette%2F%3Fpage%3D3,https://ma.jumia.is/unsafe/fit-in/300x300/filters:fill(white)/product/55/046276/1.jpg?5620,electronics,300,300,data\raw_images\electronics\093_1.jpg
"Manette de Jeu Télescopique Bluetooth 5.3 JK03 – Compatible iOS / Android / Switch / PC – Turbo, Vibration, Boutons Macros",https://www.jumia.ma/customer/account/login/?tkWl=GE232EA0SRZNSNAFAMZ-69578302&return=%2Ftelephone-tablette%2F%3Fpage%3D3,https://ma.jumia.is/unsafe/fit-in/300x300/filters:fill(white)/product/48/335176/1.jpg?9478,electronics,300,300,data\raw_images\electronics\094_1.jpg
Moi Écouteurs sans-fil Mini Air1 Bluetooth pour téléphone portable,https://www.jumia.ma/ecouteurs-sans-fil-mini-air1-bluetooth-pour-telephone-portable-moi-mpg1533236.html,https://ma.jumia.is/unsafe/fit-in/300x300/filters:fill(white)/product/17/278416/1.jpg?9883,electronics,300,300,data\raw_images\electronics\095_1.jpg
"SUPPORT TÉLÉPHONE PORTABLE PLIABLE ET RÉGLABLE – DESIGN MODERNE ,Rotation à 360 degrés",https://www.jumia.ma/customer/account/login/?tkWl=GE232EA08QOX0NAFAMZ-69660894&return=%2Ftelephone-tablette%2F%3Fpage%3D3,https://ma.jumia.is/unsafe/fit-in/300x300/filters:fill(white)/product/14/682276/1.jpg?1415,electronics,300,300,data\raw_images\electronics\096_1.jpg
"Kieslect Montre Connectée Intelligente Balancer AMOLED 1,43'' – Bracelet Cuir, Appels Bluetooth, Étanche IP68, Autonomie 41 Jours",https://www.jumia.ma/customer/account/login/?tkWl=KI914EA01ZWHGNAFAMZ-70152269&return=%2Ftelephone-tablette%2F%3Fpage%3D3,https://ma.jumia.is/unsafe/fit-in/300x300/filters:fill(white)/product/03/354676/1.jpg?4905,electronics,300,300,data\raw_images\electronics\097_1.jpg
Samsung chargeur Ultra Rapide Trio 65W 2X Ports USB Type C & 1x USB Type A sans câble,https://www.jumia.ma/samsung-chargeur-ultra-rapide-trio-65w-2x-ports-usb-type-c-1x-usb-type-a-sans-cable-67341572.html,https://ma.jumia.is/unsafe/fit-in/300x300/filters:fill(white)/product/27/514376/1.jpg?1306,electronics,300,300,data\raw_images\electronics\098_1.jpg
Glass Protecteur d'Écran en Verre Trempé pour Samsung Galaxy S26 Ultra 5G– Haute Qualité et Protection Complète,https://www.jumia.ma/glass-protecteur-decran-en-verre-trempe-pour-samsung-galaxy-s26-ultra-5g-haute-qualite-et-protection-complete-67662914.html,https://ma.jumia.is/unsafe/fit-in/300x300/filters:fill(white)/product/41/926676/1.jpg?1296,electronics,300,300,data\raw_images\electronics\099_1.jpg
"Montre intelligente connectée enfant Smart watch Smartwatch GP S,Camera,SOS,SIM..",https://www.jumia.ma/customer/account/login/?tkWl=GE232EA19BRF8NAFAMZ-69896048&return=%2Ftelephone-tablette%2F%3Fpage%3D3,https://ma.jumia.is/unsafe/fit-in/300x300/filters:fill(white)/product/76/131476/1.jpg?9128,electronics,300,300,data\raw_images\electronics\100_1.jpg
Adidas Chaussure de running Galaxy 7 - ID8756 - Bleu,https://www.jumia.ma/adidas-chaussure-de-running-galaxy-7-id8756-bleu-67259705.html,https://ma.jumia.is/unsafe/fit-in/300x300/filters:fill(white)/product/50/795276/1.jpg?8489,clothing,300,300,data\raw_images\clothing\001_1.jpg
Adidas Chaussures De Running Treadmove - Jq6401,https://www.jumia.ma/adidas-chaussures-de-running-treadmove-jq6401-67337350.html,https://ma.jumia.is/unsafe/fit-in/300x300/filters:fill(white)/product/05/373376/1.jpg?3140,clothing,300,300,data\raw_images\clothing\002_1.jpg
Adidas Running Ftw Men Galaxy Step – Jp8037,https://www.jumia.ma/adidas-running-ftw-men-galaxy-step-jp8037-67583423.html,https://ma.jumia.is/unsafe/fit-in/300x300/filters:fill(white)/product/32/438576/1.jpg?8828,clothing,300,300,data\raw_images\clothing\003_1.jpg
Adidas Claquette Adilette Lumia - JP9580 - Noir,https://www.jumia.ma/adidas-claquette-adilette-lumia-jp9580-noir-67261244.html,https://ma.jumia.is/unsafe/fit-in/300x300/filters:fill(white)/product/44/216276/1.jpg?3043,clothing,300,300,data\raw_images\clothing\004_1.jpg
Adidas Claquette Adilette Lumia - JP9579,https://www.jumia.ma/adidas-claquette-adilette-lumia-jp9579-67632645.html,https://ma.jumia.is/unsafe/fit-in/300x300/filters:fill(white)/product/54/623676/1.jpg?4546,clothing,300,300,data\raw_images\clothing\005_1.jpg
Adidas Chaussure De Running Galaxy 7 - JP6601,https://www.jumia.ma/adidas-chaussure-de-running-galaxy-7-jp6601-67582546.html,https://ma.jumia.is/unsafe/fit-in/300x300/filters:fill(white)/product/64/528576/1.jpg?7128,clothing,300,300,data\raw_images\clothing\006_1.jpg
Adidas VL COURT BASE SHOES ID3715 - Noir,https://www.jumia.ma/adidas-vl-court-base-shoes-id3715-noir-67413259.html,https://ma.jumia.is/unsafe/fit-in/300x300/filters:fill(white)/product/95/231476/1.jpg?8823,clothing,300,300,data\raw_images\clothing\007_1.jpg
Adidas Chaussure De Running Galaxy 7 - Jq2624,https://www.jumia.ma/adidas-chaussure-de-running-galaxy-7-jq2624-67337335.html,https://ma.jumia.is/unsafe/fit-in/300x300/filters:fill(white)/product/53/373376/1.jpg?1295,clothing,300,300,data\raw_images\clothing\008_1.jpg
Adidas DURAMO RC2 Running Shoes - Gris - JS4430,https://www.jumia.ma/adidas-duramo-rc2-running-shoes-gris-js4430-67413308.html,https://ma.jumia.is/unsafe/fit-in/300x300/filters:fill(white)/product/80/331476/1.jpg?1695,clothing,300,300,data\raw_images\clothing\009_1.jpg
Adidas Response Runner - Noir - JR8058,https://www.jumia.ma/adidas-response-runner-noir-jr8058-67413300.html,https://ma.jumia.is/unsafe/fit-in/300x300/filters:fill(white)/product/00/331476/1.jpg?2830,clothing,300,300,data\raw_images\clothing\010_1.jpg
Adidas Chaussure De Running Duramo Rc2 - Jq8077,https://www.jumia.ma/adidas-chaussure-de-running-duramo-rc2-jq8077-67337353.html,https://ma.jumia.is/unsafe/fit-in/300x300/filters:fill(white)/product/35/373376/1.jpg?6689,clothing,300,300,data\raw_images\clothing\011_1.jpg
Adidas Chaussure De Running Galaxy 7 - Jq2610,https://www.jumia.ma/adidas-chaussure-de-running-galaxy-7-jq2610-67337334.html,https://ma.jumia.is/unsafe/fit-in/300x300/filters:fill(white)/product/43/373376/1.jpg?7114,clothing,300,300,data\raw_images\clothing\012_1.jpg
Adidas Adilette Glissières De Douche - Js3565,https://www.jumia.ma/adidas-adilette-glissieres-de-douche-js3565-67337375.html,https://ma.jumia.is/unsafe/fit-in/300x300/filters:fill(white)/product/57/373376/1.jpg?7646,clothing,300,300,data\raw_images\clothing\013_1.jpg
Adidas DURAMO RC2 Running Shoes - Noir - JS4435,https://www.jumia.ma/adidas-duramo-rc2-running-shoes-noir-js4435-67413309.html,https://ma.jumia.is/unsafe/fit-in/300x300/filters:fill(white)/product/90/331476/1.jpg?1604,clothing,300,300,data\raw_images\clothing\014_1.jpg
Adidas Chaussure Run 50s - IF1553 - Noir,https://www.jumia.ma/adidas-chaussure-run-50s-if1553-noir-67259711.html,https://ma.jumia.is/unsafe/fit-in/300x300/filters:fill(white)/product/11/795276/1.jpg?9418,clothing,300,300,data\raw_images\clothing\015_1.jpg
Adidas Running Ftw Men Galaxy Step – Jp8036,https://www.jumia.ma/adidas-running-ftw-men-galaxy-step-jp8036-67583422.html,https://ma.jumia.is/unsafe/fit-in/300x300/filters:fill(white)/product/22/438576/1.jpg?8791,clothing,300,300,data\raw_images\clothing\016_1.jpg
Adidas Sandale De Douche Adilette - Jr0672,https://www.jumia.ma/adidas-sandale-de-douche-adilette-jr0672-67337360.html,https://ma.jumia.is/unsafe/fit-in/300x300/filters:fill(white)/product/06/373376/1.jpg?8513,clothing,300,300,data\raw_images\clothing\017_1.jpg
Adidas URBAN COURT SHOES JQ0519 - Blanc,https://www.jumia.ma/adidas-urban-court-shoes-jq0519-blanc-67413272.html,https://ma.jumia.is/unsafe/fit-in/300x300/filters:fill(white)/product/27/231476/1.jpg?0131,clothing,300,300,data\raw_images\clothing\018_1.jpg
Adidas URBAN COURT SHOES IF9789 - Noir,https://www.jumia.ma/adidas-urban-court-shoes-if9789-noir-67413266.html,https://ma.jumia.is/unsafe/fit-in/300x300/filters:fill(white)/product/66/231476/1.jpg?9538,clothing,300,300,data\raw_images\clothing\019_1.jpg
Adidas GALAXY 7 RUNNING SHOES JQ2627 - Bleu,https://www.jumia.ma/adidas-galaxy-7-running-shoes-jq2627-bleu-67413273.html,https://ma.jumia.is/unsafe/fit-in/300x300/filters:fill(white)/product/37/231476/7.jpg?0402,clothing,300,300,data\raw_images\clothing\020_7.jpg
Adidas Chaussure Tensaur Sport 3.0 K - HP3537,https://www.jumia.ma/adidas-chaussure-tensaur-sport-3.0-k-hp3537-67632646.html,https://ma.jumia.is/unsafe/fit-in/300x300/filters:fill(white)/product/64/623676/1.jpg?4616,clothing,300,300,data\raw_images\clothing\021_1.jpg
Adidas RUNFALCON 5 IE8809 - Bleu,https://www.jumia.ma/adidas-runfalcon-5-ie8809-bleu-67413265.html,https://ma.jumia.is/unsafe/fit-in/300x300/filters:fill(white)/product/56/231476/1.jpg?9426,clothing,300,300,data\raw_images\clothing\022_1.jpg
Adidas Chaussure Court - IF4076 - Blanc,https://www.jumia.ma/adidas-chaussure-court-if4076-blanc-67259717.html,https://ma.jumia.is/unsafe/fit-in/300x300/filters:fill(white)/product/71/795276/1.jpg?9889,clothing,300,300,data\raw_images\clothing\023_1.jpg
Adidas Claquette De Douche Adilette - Js2039,https://www.jumia.ma/adidas-claquette-de-douche-adilette-js2039-67337374.html,https://ma.jumia.is/unsafe/fit-in/300x300/filters:fill(white)/product/47/373376/1.jpg?8647,clothing,300,300,data\raw_images\clothing\024_1.jpg
Adidas Claquettes Adilette Aqua - Noir,https://www.jumia.ma/adidas-claquettes-adilette-aqua-noir-66437776.html,https://ma.jumia.is/unsafe/fit-in/300x300/filters:fill(white)/product/67/773466/1.jpg?4762,clothing,300,300,data\raw_images\clothing\025_1.jpg
Adidas Chaussure Response Runner - Ih6100,https://www.jumia.ma/adidas-chaussure-response-runner-ih6100-67337323.html,https://ma.jumia.is/unsafe/fit-in/300x300/filters:fill(white)/product/32/373376/1.jpg?6311,clothing,300,300,data\raw_images\clothing\026_1.jpg
Adidas Chaussure Vl Court 3.0 - IH6575,https://www.jumia.ma/adidas-chaussure-vl-court-3.0-ih6575-67633008.html,https://ma.jumia.is/unsafe/fit-in/300x300/filters:fill(white)/product/80/033676/1.jpg?6523,clothing,300,300,data\raw_images\clothing\027_1.jpg
Havaianas Sandale Homme - Noir/,https://www.jumia.ma/havaianas-sandale-homme-noir-67206441.html,https://ma.jumia.is/unsafe/fit-in/300x300/filters:fill(white)/product/14/460276/1.jpg?0637,clothing,300,300,data\raw_images\clothing\028_1.jpg
Adidas Chaussures De Course Duramo Rc2 - Js4432,https://www.jumia.ma/adidas-chaussures-de-course-duramo-rc2-js4432-67337376.html,https://ma.jumia.is/unsafe/fit-in/300x300/filters:fill(white)/product/67/373376/1.jpg?6800,clothing,300,300,data\raw_images\clothing\029_1.jpg
Adidas Chaussure Run 50s - IG6553 - Gris,https://www.jumia.ma/adidas-chaussure-run-50s-ig6553-gris-67259796.html,https://ma.jumia.is/unsafe/fit-in/300x300/filters:fill(white)/product/69/795276/1.jpg?0541,clothing,300,300,data\raw_images\clothing\030_1.jpg
Adidas Chaussure Lite Racer 4.0 - Noir - IE6132,https://www.jumia.ma/adidas-chaussure-lite-racer-4.0-noir-ie6132-65423485.html,https://ma.jumia.is/unsafe/fit-in/300x300/filters:fill(white)/product/58/432456/1.jpg?4756,clothing,300,300,data\raw_images\clothing\031_1.jpg
Adidas Claquette Adilette Lumia - Rose - JQ7460,https://www.jumia.ma/adidas-claquette-adilette-lumia-rose-jq7460-66593151.html,https://ma.jumia.is/unsafe/fit-in/300x300/filters:fill(white)/product/15/139566/1.jpg?6299,clothing,300,300,data\raw_images\clothing\032_1.jpg
Adidas Chaussure De Running Runfalcon 5 - Vert - IE0525,https://www.jumia.ma/adidas-chaussure-de-running-runfalcon-5-vert-ie0525-66296231.html,https://ma.jumia.is/unsafe/fit-in/300x300/filters:fill(white)/product/13/269266/1.jpg?4185,clothing,300,300,data\raw_images\clothing\033_1.jpg
Adidas Chaussure de running large Runfalcon 5 - IE0551 - Blanc,https://www.jumia.ma/adidas-chaussure-de-running-large-runfalcon-5-ie0551-blanc-67259710.html,https://ma.jumia.is/unsafe/fit-in/300x300/filters:fill(white)/product/01/795276/1.jpg?9078,clothing,300,300,data\raw_images\clothing\034_1.jpg
Adidas Chaussure Lite Racer 4.0 - Jr8546,https://www.jumia.ma/adidas-chaussure-lite-racer-4.0-jr8546-67337371.html,https://ma.jumia.is/unsafe/fit-in/300x300/filters:fill(white)/product/17/373376/1.jpg?6141,clothing,300,300,data\raw_images\clothing\035_1.jpg
Adidas Claquette Adilette Aqua. - Blanc - IF7370,https://www.jumia.ma/adidas-claquette-adilette-aqua.-blanc-if7370-65980317.html,https://ma.jumia.is/unsafe/fit-in/300x300/filters:fill(white)/product/71/308956/1.jpg?7118,clothing,300,300,data\raw_images\clothing\036_1.jpg
"Pese Bagage Valise Voyage Balance électronique 50kg/10g, Mesure Poids, Ecran LCD",https://www.jumia.ma/generic-pese-bagage-valise-voyage-balance-electronique-50kg10g-mesure-poids-ecran-lcd-64872541.html,https://ma.jumia.is/unsafe/fit-in/300x300/filters:fill(white)/product/14/527846/1.jpg?6885,clothing,300,300,data\raw_images\clothing\037_1.jpg
Adidas TENSAUR SPORT 2.0 SHOES KIDS GW6423 - Blanc,https://www.jumia.ma/adidas-tensaur-sport-2.0-shoes-kids-gw6423-blanc-67413242.html,https://ma.jumia.is/unsafe/fit-in/300x300/filters:fill(white)/product/24/231476/1.jpg?6522,clothing,300,300,data\raw_images\clothing\038_1.jpg
Adidas Chaussure Tensaur Sport 3.0 K - JQ1855,https://www.jumia.ma/adidas-chaussure-tensaur-sport-3.0-k-jq1855-67632677.html,https://ma.jumia.is/unsafe/fit-in/300x300/filters:fill(white)/product/77/623676/1.jpg?5073,clothing,300,300,data\raw_images\clothing\039_1.jpg
Adidas TENSAUR SPORT 2.0 SHOES KIDS GW6440 - Noir,https://www.jumia.ma/adidas-tensaur-sport-2.0-shoes-kids-gw6440-noir-67413258.html,https://ma.jumia.is/unsafe/fit-in/300x300/filters:fill(white)/product/85/231476/1.jpg?6660,clothing,300,300,data\raw_images\clothing\040_1.jpg
Adidas DURAMO RC2 Running Shoes - Noir - JR7151,https://www.jumia.ma/adidas-duramo-rc2-running-shoes-noir-jr7151-67413299.html,https://ma.jumia.is/unsafe/fit-in/300x300/filters:fill(white)/product/99/231476/1.jpg?2526,clothing,300,300,data\raw_images\clothing\041_1.jpg
Adidas Chaussure Vl Court 3.0 - JP7536,https://www.jumia.ma/adidas-chaussure-vl-court-3.0-jp7536-67632939.html,https://ma.jumia.is/unsafe/fit-in/300x300/filters:fill(white)/product/93/923676/1.jpg?5794,clothing,300,300,data\raw_images\clothing\042_1.jpg
Adidas Chaussure VL Court Base – Noir - ID3712,https://www.jumia.ma/adidas-chaussure-vl-court-base-noir-id3712-64880270.html,https://ma.jumia.is/unsafe/fit-in/300x300/filters:fill(white)/product/07/208846/1.jpg?7202,clothing,300,300,data\raw_images\clothing\043_1.jpg
Adidas Claquette Adilette Aqua - Blanc,https://www.jumia.ma/adidas-claquette-adilette-aqua-blanc-66437328.html,https://ma.jumia.is/unsafe/fit-in/300x300/filters:fill(white)/product/82/373466/1.jpg?0750,clothing,300,300,data\raw_images\clothing\044_1.jpg
Adidas TREADMOVE W RUNNING SHOES - Noir - JQ6404,https://www.jumia.ma/adidas-treadmove-w-running-shoes-noir-jq6404-67413290.html,https://ma.jumia.is/unsafe/fit-in/300x300/filters:fill(white)/product/09/231476/1.jpg?0768,clothing,300,300,data\raw_images\clothing\045_1.jpg
Adidas Chaussures De Running Treadmove - Jq6403,https://www.jumia.ma/adidas-chaussures-de-running-treadmove-jq6403-67337351.html,https://ma.jumia.is/unsafe/fit-in/300x300/filters:fill(white)/product/15/373376/1.jpg?5968,clothing,300,300,data\raw_images\clothing\046_1.jpg
Adidas Chaussure Urban Court - Jq0517,https://www.jumia.ma/adidas-chaussure-urban-court-jq0517-67337330.html,https://ma.jumia.is/unsafe/fit-in/300x300/filters:fill(white)/product/03/373376/1.jpg?5092,clothing,300,300,data\raw_images\clothing\047_1.jpg
Adidas Chaussures De Running Treadmove - Jq6406,https://www.jumia.ma/adidas-chaussures-de-running-treadmove-jq6406-67337352.html,https://ma.jumia.is/unsafe/fit-in/300x300/filters:fill(white)/product/25/373376/1.jpg?7218,clothing,300,300,data\raw_images\clothing\048_1.jpg
Adidas VL COURT BASE SHOES - Blanc - JQ3037,https://www.jumia.ma/adidas-vl-court-base-shoes-blanc-jq3037-67413289.html,https://ma.jumia.is/unsafe/fit-in/300x300/filters:fill(white)/product/98/231476/1.jpg?0673,clothing,300,300,data\raw_images\clothing\049_1.jpg
Adidas Chaussure Tensaur Switch Enfants - JQ8094,https://www.jumia.ma/adidas-chaussure-tensaur-switch-enfants-jq8094-67632644.html,https://ma.jumia.is/unsafe/fit-in/300x300/filters:fill(white)/product/44/623676/1.jpg?4450,clothing,300,300,data\raw_images\clothing\050_1.jpg
Adidas Chaussure Breaknet 3.0 - Jr3550,https://www.jumia.ma/adidas-chaussure-breaknet-3.0-jr3550-67337363.html,https://ma.jumia.is/unsafe/fit-in/300x300/filters:fill(white)/product/36/373376/1.jpg?8079,clothing,300,300,data\raw_images\clothing\051_1.jpg
Adidas Chaussure Ultimashow 2.0. - Noir - IE8900,https://www.jumia.ma/adidas-chaussure-ultimashow-2.0.-noir-ie8900-65980303.html,https://ma.jumia.is/unsafe/fit-in/300x300/filters:fill(white)/product/30/308956/1.jpg?7412,clothing,300,300,data\raw_images\clothing\052_1.jpg
Adidas Claquette Adilette Comfort _ Noir,https://www.jumia.ma/adidas-claquette-adilette-comfort-noir-66437779.html,https://ma.jumia.is/unsafe/fit-in/300x300/filters:fill(white)/product/97/773466/1.jpg?6734,clothing,300,300,data\raw_images\clothing\053_1.jpg
Adidas Chaussure Tensaur Comfort Enfants - IH1059,https://www.jumia.ma/adidas-chaussure-tensaur-comfort-enfants-ih1059-67632935.html,https://ma.jumia.is/unsafe/fit-in/300x300/filters:fill(white)/product/53/923676/1.jpg?5576,clothing,300,300,data\raw_images\clothing\054_1.jpg
Adidas THIN&LIGHT SPORTSWEAR ANKLE SOCKS - Bleu - IP0405,https://www.jumia.ma/adidas-thinlight-sportswear-ankle-socks-bleu-ip0405-67413269.html,https://ma.jumia.is/unsafe/fit-in/300x300/filters:fill(white)/product/96/231476/2.jpg?9823,clothing,300,300,data\raw_images\clothing\055_2.jpg
Adidas Chaussure Tensaur Run 3.0 Bébés - KI0731,https://www.jumia.ma/adidas-chaussure-tensaur-run-3.0-bebes-ki0731-67632660.html,https://ma.jumia.is/unsafe/fit-in/300x300/filters:fill(white)/product/06/623676/1.jpg?4709,clothing,300,300,data\raw_images\clothing\056_1.jpg
Adidas Chaussure Breaknet Sleek - IH1363,https://www.jumia.ma/adidas-chaussure-breaknet-sleek-ih1363-67633009.html,https://ma.jumia.is/unsafe/fit-in/300x300/filters:fill(white)/product/90/033676/1.jpg?6562,clothing,300,300,data\raw_images\clothing\057_1.jpg
Adidas Chaussure de running Galaxy 7 - ID8764 - Noir,https://www.jumia.ma/adidas-chaussure-de-running-galaxy-7-id8764-noir-67259708.html,https://ma.jumia.is/unsafe/fit-in/300x300/filters:fill(white)/product/80/795276/1.jpg?8814,clothing,300,300,data\raw_images\clothing\058_1.jpg
Adidas Chaussure Breaknet Sleek -White - IH5418,https://www.jumia.ma/adidas-chaussure-breaknet-sleek-white-ih5418-65612612.html,https://ma.jumia.is/unsafe/fit-in/300x300/filters:fill(white)/product/21/621656/1.jpg?1577,clothing,300,300,data\raw_images\clothing\059_1.jpg
Adidas ECLYPTIX 2000 SHOES - Blanc - JR6131,https://www.jumia.ma/adidas-eclyptix-2000-shoes-blanc-jr6131-67413298.html,https://ma.jumia.is/unsafe/fit-in/300x300/filters:fill(white)/product/89/231476/1.jpg?2422,clothing,300,300,data\raw_images\clothing\060_1.jpg
Adidas Chaussure Cloudfoam Comfy - IH2973 - Noir,https://www.jumia.ma/adidas-chaussure-cloudfoam-comfy-ih2973-noir-67259713.html,https://ma.jumia.is/unsafe/fit-in/300x300/filters:fill(white)/product/31/795276/1.jpg?9590,clothing,300,300,data\raw_images\clothing\061_1.jpg
Adidas Chaussure Lite Racer 4.0 -Noir - IE6133,https://www.jumia.ma/adidas-chaussure-lite-racer-4.0-noir-ie6133-65612605.html,https://ma.jumia.is/unsafe/fit-in/300x300/filters:fill(white)/product/50/621656/1.jpg?4980,clothing,300,300,data\raw_images\clothing\062_1.jpg
Adidas BREAKNET 3.0 SHOES - Blanc - JR3556,https://www.jumia.ma/adidas-breaknet-3.0-shoes-blanc-jr3556-67413296.html,https://ma.jumia.is/unsafe/fit-in/300x300/filters:fill(white)/product/69/231476/1.jpg?1525,clothing,300,300,data\raw_images\clothing\063_1.jpg
Adidas Chaussure VL Court Base – Blanc - ID3711,https://www.jumia.ma/adidas-chaussure-vl-court-base-blanc-id3711-64720196.html,https://ma.jumia.is/unsafe/fit-in/300x300/filters:fill(white)/product/69/102746/1.jpg?3067,clothing,300,300,data\raw_images\clothing\064_1.jpg
Adidas Chaussure de running Duramo SL 2 - IH8223 - Blanc,https://www.jumia.ma/adidas-chaussure-de-running-duramo-sl-2-ih8223-blanc-67072427.html,https://ma.jumia.is/unsafe/fit-in/300x300/filters:fill(white)/product/72/427076/1.jpg?0919,clothing,300,300,data\raw_images\clothing\065_1.jpg
Adidas Chaussure De Running Duramo Rc2 - Jq8078,https://www.jumia.ma/adidas-chaussure-de-running-duramo-rc2-jq8078-67337354.html,https://ma.jumia.is/unsafe/fit-in/300x300/filters:fill(white)/product/45/373376/1.jpg?7484,clothing,300,300,data\raw_images\clothing\066_1.jpg
Lc Waikiki Pyjama bébé garçon imprimé - S5EI93Z1YMS,https://www.jumia.ma/lc-waikiki-pyjama-bebe-garcon-imprime-s5ei93z1yms-67004799.html,https://ma.jumia.is/unsafe/fit-in/300x300/filters:fill(white)/product/99/740076/1.jpg?0319,clothing,300,300,data\raw_images\clothing\067_1.jpg
Adidas Chaussure De Skateboard Vl Court 3.0 Enfants - ID9157,https://www.jumia.ma/adidas-chaussure-de-skateboard-vl-court-3.0-enfants-id9157-67632938.html,https://ma.jumia.is/unsafe/fit-in/300x300/filters:fill(white)/product/83/923676/1.jpg?5741,clothing,300,300,data\raw_images\clothing\068_1.jpg
Adidas Chaussure Eclyptix 2000 - Jr6079,https://www.jumia.ma/adidas-chaussure-eclyptix-2000-jr6079-67337369.html,https://ma.jumia.is/unsafe/fit-in/300x300/filters:fill(white)/product/96/373376/1.jpg?7668,clothing,300,300,data\raw_images\clothing\069_1.jpg
Adidas Chaussure Adidas Disney Tensaur Enfants - JQ1972,https://www.jumia.ma/adidas-chaussure-adidas-disney-tensaur-enfants-jq1972-67632669.html,https://ma.jumia.is/unsafe/fit-in/300x300/filters:fill(white)/product/96/623676/1.jpg?4913,clothing,300,300,data\raw_images\clothing\070_1.jpg
Adidas Chaussure Tensaur Switch Enfants - JQ4754,https://www.jumia.ma/adidas-chaussure-tensaur-switch-enfants-jq4754-67633023.html,https://ma.jumia.is/unsafe/fit-in/300x300/filters:fill(white)/product/32/033676/1.jpg?6229,clothing,300,300,data\raw_images\clothing\071_1.jpg
Adidas Chaussure Tensaur Switch Enfants - JH9242,https://www.jumia.ma/adidas-chaussure-tensaur-switch-enfants-jh9242-67632940.html,https://ma.jumia.is/unsafe/fit-in/300x300/filters:fill(white)/product/04/923676/1.jpg?5167,clothing,300,300,data\raw_images\clothing\072_1.jpg
Lc Waikiki Robe fille imprimée London - Rose,https://www.jumia.ma/lc-waikiki-robe-fille-imprimee-london-rose-67004908.html,https://ma.jumia.is/unsafe/fit-in/300x300/filters:fill(white)/product/80/940076/1.jpg?0219,clothing,300,300,data\raw_images\clothing\073_1.jpg
Pantalon Jean Charlie - Bleu Foncé,https://www.jumia.ma/generic-pantalon-jean-charlie-bleu-fonce-66530444.html,https://ma.jumia.is/unsafe/fit-in/300x300/filters:fill(white)/product/44/403566/1.jpg?3537,clothing,300,300,data\raw_images\clothing\074_1.jpg
Adidas Chaussure Vs Pace 2.0 Enfants - IE3473,https://www.jumia.ma/adidas-chaussure-vs-pace-2.0-enfants-ie3473-67633011.html,https://ma.jumia.is/unsafe/fit-in/300x300/filters:fill(white)/product/11/033676/1.jpg?0265,clothing,300,300,data\raw_images\clothing\075_1.jpg
Adidas Chaussure de running large Runfalcon 5 - JH5185 - Gris,https://www.jumia.ma/adidas-chaussure-de-running-large-runfalcon-5-jh5185-gris-67259810.html,https://ma.jumia.is/unsafe/fit-in/300x300/filters:fill(white)/product/01/895276/1.jpg?1349,clothing,300,300,data\raw_images\clothing\076_1.jpg
Adidas RUNFALCON 5 - Noir - JR3093,https://www.jumia.ma/adidas-runfalcon-5-noir-jr3093-67413295.html,https://ma.jumia.is/unsafe/fit-in/300x300/filters:fill(white)/product/59/231476/1.jpg?1445,clothing,300,300,data\raw_images\clothing\077_1.jpg
Defacto Chemise oversize col classique tissée - Bleu.,https://www.jumia.ma/defacto-chemise-oversize-col-classique-tissee-bleu.-67325319.html,https://ma.jumia.is/unsafe/fit-in/300x300/filters:fill(white)/product/91/352376/1.jpg?0509,clothing,300,300,data\raw_images\clothing\078_1.jpg
Adidas Chaussure Tensaur Comfort Enfants - IH1057,https://www.jumia.ma/adidas-chaussure-tensaur-comfort-enfants-ih1057-67632937.html,https://ma.jumia.is/unsafe/fit-in/300x300/filters:fill(white)/product/73/923676/1.jpg?5301,clothing,300,300,data\raw_images\clothing\079_1.jpg
Adidas Chaussure Vl Court 3.0 - Jr8634,https://www.jumia.ma/adidas-chaussure-vl-court-3.0-jr8634-67337372.html,https://ma.jumia.is/unsafe/fit-in/300x300/filters:fill(white)/product/27/373376/1.jpg?7878,clothing,300,300,data\raw_images\clothing\080_1.jpg
Adidas Casquette Baseball 3-Stripes Cotton Twill Baseball Junior - II3509 - Blanc,https://www.jumia.ma/adidas-casquette-baseball-3-stripes-cotton-twill-baseball-junior-ii3509-blanc-67072497.html,https://ma.jumia.is/unsafe/fit-in/300x300/filters:fill(white)/product/79/427076/1.jpg?0084,clothing,300,300,data\raw_images\clothing\081_1.jpg
Lc Waikiki Pyjama garçon imprimé Bugs Bunny - Blanc,https://www.jumia.ma/lc-waikiki-pyjama-garcon-imprime-bugs-bunny-blanc-67004424.html,https://ma.jumia.is/unsafe/fit-in/300x300/filters:fill(white)/product/42/440076/1.jpg?9965,clothing,300,300,data\raw_images\clothing\082_1.jpg
Adidas Chaussure Breaknet 3.0 - Jr3554,https://www.jumia.ma/adidas-chaussure-breaknet-3.0-jr3554-67337365.html,https://ma.jumia.is/unsafe/fit-in/300x300/filters:fill(white)/product/56/373376/1.jpg?8296,clothing,300,300,data\raw_images\clothing\083_1.jpg
Adidas Chaussures Ultimashow 2.0 - IG4396,https://www.jumia.ma/adidas-chaussures-ultimashow2.0-ig4396-67633010.html,https://ma.jumia.is/unsafe/fit-in/300x300/filters:fill(white)/product/01/033676/1.jpg?6257,clothing,300,300,data\raw_images\clothing\084_1.jpg
Adidas Chaussure Vl Court 3.0 - Id6279,https://www.jumia.ma/adidas-chaussure-vl-court-3.0-id6279-67337320.html,https://ma.jumia.is/unsafe/fit-in/300x300/filters:fill(white)/product/02/373376/1.jpg?7805,clothing,300,300,data\raw_images\clothing\085_1.jpg
Adidas Chaussure Tensaur Comfort Enfants - JP6762,https://www.jumia.ma/adidas-chaussure-tensaur-comfort-enfants-jp6762-67632941.html,https://ma.jumia.is/unsafe/fit-in/300x300/filters:fill(white)/product/14/923676/1.jpg?6051,clothing,300,300,data\raw_images\clothing\086_1.jpg
Adidas Chaussure Breaknet Sleek - Jr0688,https://www.jumia.ma/adidas-chaussure-breaknet-sleek-jr0688-67337361.html,https://ma.jumia.is/unsafe/fit-in/300x300/filters:fill(white)/product/16/373376/1.jpg?8210,clothing,300,300,data\raw_images\clothing\087_1.jpg
Adidas Chaussure Tensaur Run 2.0 Enfants - Bleu - IE5989,https://www.jumia.ma/adidas-chaussure-tensaur-run-2.0-enfants-bleu-ie5989-66296260.html,https://ma.jumia.is/unsafe/fit-in/300x300/filters:fill(white)/product/06/269266/1.jpg?4568,clothing,300,300,data\raw_images\clothing\088_1.jpg
Adidas Chaussure VL Court Base - ID3709 - Blanc,https://www.jumia.ma/adidas-chaussure-vl-court-base-id3709-blanc-67261285.html,https://ma.jumia.is/unsafe/fit-in/300x300/filters:fill(white)/product/58/216276/1.jpg?5616,clothing,300,300,data\raw_images\clothing\089_1.jpg
Adidas RUNFALCON 5 - Blanc - JR5520,https://www.jumia.ma/adidas-runfalcon-5-blanc-jr5520-67413297.html,https://ma.jumia.is/unsafe/fit-in/300x300/filters:fill(white)/product/79/231476/1.jpg?2318,clothing,300,300,data\raw_images\clothing\090_1.jpg
Adidas Chaussure Run 50s - IG6554 - Blanc,https://www.jumia.ma/adidas-chaussure-run-50s-ig6554-blanc-67259807.html,https://ma.jumia.is/unsafe/fit-in/300x300/filters:fill(white)/product/70/895276/1.jpg?1194,clothing,300,300,data\raw_images\clothing\091_1.jpg
Adidas BREAK START CHILDRENS SHOE JQ0095 - Blanc,https://www.jumia.ma/adidas-break-start-childrens-shoe-jq0095-blanc-67413270.html,https://ma.jumia.is/unsafe/fit-in/300x300/filters:fill(white)/product/07/231476/1.jpg?9917,clothing,300,300,data\raw_images\clothing\092_1.jpg
Survêtement femme Jogging En Molleton - Gris,https://www.jumia.ma/generic-survetement-femme-jogging-en-molleton-gris-61893938.html,https://ma.jumia.is/unsafe/fit-in/300x300/filters:fill(white)/product/83/939816/1.jpg?9107,clothing,300,300,data\raw_images\clothing\093_1.jpg
Pantalon Jean Charlie - Gris Foncé,https://www.jumia.ma/generic-pantalon-jean-charlie-gris-fonce-66566403.html,https://ma.jumia.is/unsafe/fit-in/300x300/filters:fill(white)/product/30/466566/1.jpg?4004,clothing,300,300,data\raw_images\clothing\094_1.jpg
Adidas VL COURT 3.0 SHOES KIDS ID9062 - Blanc,https://www.jumia.ma/adidas-vl-court-3.0-shoes-kids-id9062-blanc-67413260.html,https://ma.jumia.is/unsafe/fit-in/300x300/filters:fill(white)/product/06/231476/1.jpg?8912,clothing,300,300,data\raw_images\clothing\095_1.jpg
Adidas VS PACE 2.0 SHOES CHILDREN IE3474 - Blanc,https://www.jumia.ma/adidas-vs-pace-2.0-shoes-children-ie3474-blanc-67413262.html,https://ma.jumia.is/unsafe/fit-in/300x300/filters:fill(white)/product/26/231476/1.jpg?9151,clothing,300,300,data\raw_images\clothing\096_1.jpg
Adidas Chaussure Tensaur Sport 3.0 K - JQ1859,https://www.jumia.ma/adidas-chaussure-tensaur-sport-3.0-k-jq1859-67632642.html,https://ma.jumia.is/unsafe/fit-in/300x300/filters:fill(white)/product/24/623676/1.jpg?4309,clothing,300,300,data\raw_images\clothing\097_1.jpg
Adidas Chaussure Tensaur Sport 3.0 K - JQ1860,https://www.jumia.ma/adidas-chaussure-tensaur-sport-3.0-k-jq1860-67632801.html,https://ma.jumia.is/unsafe/fit-in/300x300/filters:fill(white)/product/10/823676/1.jpg?5507,clothing,300,300,data\raw_images\clothing\098_1.jpg
Adidas Chaussure Adidas Disney Tensaur Enfants - JQ4362,https://www.jumia.ma/adidas-chaussure-adidas-disney-tensaur-enfants-jq4362-67632662.html,https://ma.jumia.is/unsafe/fit-in/300x300/filters:fill(white)/product/26/623676/1.jpg?4769,clothing,300,300,data\raw_images\clothing\099_1.jpg
Adidas Chaussure Tensaur Switch Enfants - JH9246,https://www.jumia.ma/adidas-chaussure-tensaur-switch-enfants-jh9246-67632945.html,https://ma.jumia.is/unsafe/fit-in/300x300/filters:fill(white)/product/54/923676/1.jpg?9963,clothing,300,300,data\raw_images\clothing\100_1.jpg
"Kenz Bouilloire Electrique élégant 1,8L 1500W",https://www.jumia.ma/customer/account/login/?tkWl=KE402HA1F8M8CNAFAMZ-69910706&return=%2Fmlp-electromenager%2F%3Fpage%3D1,https://ma.jumia.is/unsafe/fit-in/300x300/filters:fill(white)/product/86/062476/1.jpg?9880,home_appliances,300,300,data\raw_images\home_appliances\001_1.jpg
SWISS EXCELLENCE Blender Bol En Verre 1.5L ICE Crush 1000 watt.,https://www.jumia.ma/customer/account/login/?tkWl=SW206HA12FZ1WNAFAMZ-70107634&return=%2Fmlp-electromenager%2F%3Fpage%3D1,https://ma.jumia.is/unsafe/fit-in/300x300/filters:fill(white)/product/64/570676/1.jpg?8085,home_appliances,300,300,data\raw_images\home_appliances\002_1.jpg
"Moulinex Blender Genuine LM241B25 - 500W - 1 vitesse + pulse - Bol 1,75L  et 1 accessoire",https://www.jumia.ma/customer/account/login/?tkWl=MO216HA1KKZD1NAFAMZ-54760078&return=%2Fmlp-electromenager%2F%3Fpage%3D1,https://ma.jumia.is/unsafe/fit-in/300x300/filters:fill(white)/product/95/037445/1.jpg?5420,home_appliances,300,300,data\raw_images\home_appliances\003_1.jpg
Kenz Batteur Electrique VF-539 G-L 7 vitesse article 7677..,https://www.jumia.ma/customer/account/login/?tkWl=KE402HA0N98SSNAFAMZ-69910731&return=%2Fmlp-electromenager%2F%3Fpage%3D1,https://ma.jumia.is/unsafe/fit-in/300x300/filters:fill(white)/product/39/062476/1.jpg?4831,home_appliances,300,300,data\raw_images\home_appliances\004_1.jpg
Taurus Aspirateur balai sans fil CROSSBACK DIGITAL FLEX,https://www.jumia.ma/customer/account/login/?tkWl=TA867HA09SSR4NAFAMZ-69523921&return=%2Fmlp-electromenager%2F%3Fpage%3D1,https://ma.jumia.is/unsafe/fit-in/300x300/filters:fill(white)/product/16/460176/1.jpg?6975,home_appliances,300,300,data\raw_images\home_appliances\005_1.jpg
Kenz Mixeur Plongeant avec 2 vitesses – Gris/blanc.,https://www.jumia.ma/customer/account/login/?tkWl=KE402HA0MNT70NAFAMZ-69910721&return=%2Fmlp-electromenager%2F%3Fpage%3D1,https://ma.jumia.is/unsafe/fit-in/300x300/filters:fill(white)/product/38/062476/1.jpg?5544,home_appliances,300,300,data\raw_images\home_appliances\006_1.jpg
Mellerware Robot Pétrin BLEU 1000W – 6 vitesses + Bol 5L,https://www.jumia.ma/customer/account/login/?tkWl=ME675HA19A2ZONAFAMZ-67191378&return=%2Fmlp-electromenager%2F%3Fpage%3D1,https://ma.jumia.is/unsafe/fit-in/300x300/filters:fill(white)/product/76/053156/1.jpg?2608,home_appliances,300,300,data\raw_images\home_appliances\007_1.jpg
Taurus Air Fryer Digital Grill 12L,https://www.jumia.ma/customer/account/login/?tkWl=TA867HA0KZLIWNAFAMZ-69558286&return=%2Fmlp-electromenager%2F%3Fpage%3D1,https://ma.jumia.is/unsafe/fit-in/300x300/filters:fill(white)/product/35/253176/1.jpg?4617,home_appliances,300,300,data\raw_images\home_appliances\008_1.jpg
Moulinex PANINI ULTRACOMPACT 700W NOIR SM2118M2,https://www.jumia.ma/customer/account/login/?tkWl=MO216HA0S55D0NAFAMZ-69986259&return=%2Fmlp-electromenager%2F%3Fpage%3D1,https://ma.jumia.is/unsafe/fit-in/300x300/filters:fill(white)/product/47/269476/1.jpg?3486,home_appliances,300,300,data\raw_images\home_appliances\009_1.jpg
"Taurus Bouilloire en plastique Aroa 2200W +1,7L -2 ans de garantie",https://www.jumia.ma/taurus-bouilloire-en-plastique-aroa-2200w-17l-2-ans-de-garantie-17784959.html,https://ma.jumia.is/unsafe/fit-in/300x300/filters:fill(white)/product/95/948771/2.jpg?2386,home_appliances,300,300,data\raw_images\home_appliances\010_2.jpg
"Luxus Bouilloire 1,8L Électrique Verre 1600W, Base 360°, Sécurité Auto, LX-K613",https://www.jumia.ma/customer/account/login/?tkWl=LU889HA19U0WONAFAMZ-70036019&return=%2Fmlp-electromenager%2F%3Fpage%3D1,https://ma.jumia.is/unsafe/fit-in/300x300/filters:fill(white)/product/76/983576/1.jpg?5139,home_appliances,300,300,data\raw_images\home_appliances\011_1.jpg
"Tefal Hachoir 5 sec manuel 500ml, Lames acier inoxydable Cuisine rapide et facile",https://www.jumia.ma/customer/account/login/?tkWl=TE319HA0JYWNINAFAMZ-63711465&return=%2Fmlp-electromenager%2F%3Fpage%3D1,https://ma.jumia.is/unsafe/fit-in/300x300/filters:fill(white)/product/33/541326/1.jpg?1584,home_appliances,300,300,data\raw_images\home_appliances\012_1.jpg
Taurus Robot Mixeur Plongeant BAPI1200 ROCKETplus inox 3en1 accessoire-2ans de garantie,https://www.jumia.ma/customer/account/login/?tkWl=TA867HA194R8WNAFAMZ-67901997&return=%2Fmlp-electromenager%2F%3Fpage%3D1,https://ma.jumia.is/unsafe/fit-in/300x300/filters:fill(white)/product/75/804656/1.jpg?7805,home_appliances,300,300,data\raw_images\home_appliances\013_1.jpg
Kenz Mixeur Plongeant avec 2 vitesses – Noir.,https://www.jumia.ma/customer/account/login/?tkWl=KE402HA0SM58SNAFAMZ-69910722&return=%2Fmlp-electromenager%2F%3Fpage%3D1,https://ma.jumia.is/unsafe/fit-in/300x300/filters:fill(white)/product/48/062476/1.jpg?7999,home_appliances,300,300,data\raw_images\home_appliances\014_1.jpg
Kraft line Mixeur plongeant 4 en 1 - (Hand Blender) 500W,https://www.jumia.ma/customer/account/login/?tkWl=KR860HA0PASBWNAFAMZ-70145726&return=%2Fmlp-electromenager%2F%3Fpage%3D1,https://ma.jumia.is/unsafe/fit-in/300x300/filters:fill(white)/product/42/493676/1.jpg?5160,home_appliances,300,300,data\raw_images\home_appliances\015_1.jpg
RAF Batteur mixeur plongeant 4en1 340W 2 vitesses,https://www.jumia.ma/customer/account/login/?tkWl=BR021HA0MF4M8NAFAMZ-69843652&return=%2Fmlp-electromenager%2F%3Fpage%3D1,https://ma.jumia.is/unsafe/fit-in/300x300/filters:fill(white)/product/37/657376/1.jpg?9498,home_appliances,300,300,data\raw_images\home_appliances\016_1.jpg
Kraft line Hachoir électrique 2L 1500w multifonctions Bol Inox avec 3 Lames et plusieurs accessoires Avec Fonction Manuel,https://www.jumia.ma/kraft-line-hachoir-electrique-2l-1500w-multifonctions-bol-inox-avec-3-lames-et-plusieurs-accessoires-avec-fonction-manuel-65887087.html,https://ma.jumia.is/unsafe/fit-in/300x300/filters:fill(white)/product/78/078856/1.jpg?4808,home_appliances,300,300,data\raw_images\home_appliances\017_1.jpg
Taurus Bouilloire en verre cristal Aroa Glass  1.7Lrotation360° 2200w-2 ans de garantie,https://www.jumia.ma/customer/account/login/?tkWl=TA867HL0QREOZNAFAMZ-1105726&return=%2Fmlp-electromenager%2F%3Fpage%3D1,https://ma.jumia.is/unsafe/fit-in/300x300/filters:fill(white)/product/44/948771/1.jpg?6126,home_appliances,300,300,data\raw_images\home_appliances\018_1.jpg
Kraft line Mixeur plongeant 2 en 1 (Hand Blender) - 500W,https://www.jumia.ma/customer/account/login/?tkWl=KR860HA0JCGA4NAFAMZ-70145725&return=%2Fmlp-electromenager%2F%3Fpage%3D1,https://ma.jumia.is/unsafe/fit-in/300x300/filters:fill(white)/product/32/493676/1.jpg?5158,home_appliances,300,300,data\raw_images\home_appliances\019_1.jpg
"Candy Machine à laver hublot pose libre 8kg NFC, Départ différé, A+++, CS1082DGG",https://www.jumia.ma/customer/account/login/?tkWl=CA981HA0ECQZONAFAMZ-69979605&return=%2Fmlp-electromenager%2F%3Fpage%3D1,https://ma.jumia.is/unsafe/fit-in/300x300/filters:fill(white)/product/24/109476/1.jpg?3606,home_appliances,300,300,data\raw_images\home_appliances\020_1.jpg
Taurus Robot Mixeur Plongeant ROBOT 750 EASY Système de rotation turbo-2ans de garantie,https://www.jumia.ma/customer/account/login/?tkWl=TA867HA13GZD8NAFAMZ-67545328&return=%2Fmlp-electromenager%2F%3Fpage%3D1,https://ma.jumia.is/unsafe/fit-in/300x300/filters:fill(white)/product/66/297356/1.jpg?1570,home_appliances,300,300,data\raw_images\home_appliances\021_1.jpg
"Moulinex Blender Blendeo+ 1,5L, 450W, Broyeur & Hachoir Inclus, LM2C3110",https://www.jumia.ma/customer/account/login/?tkWl=MO216HA0C2MW8NAFAMZ-69857791&return=%2Fmlp-electromenager%2F%3Fpage%3D1,https://ma.jumia.is/unsafe/fit-in/300x300/filters:fill(white)/product/20/278376/1.jpg?0549,home_appliances,300,300,data\raw_images\home_appliances\022_1.jpg
Kr”hler Machine à Laver 3Kg Semi-Automatique,https://www.jumia.ma/customer/account/login/?tkWl=KR249HA0CSF60NAFAMZ-62727586&return=%2Fmlp-electromenager%2F%3Fpage%3D1,https://ma.jumia.is/unsafe/fit-in/300x300/filters:fill(white)/product/21/481416/1.jpg?4666,home_appliances,300,300,data\raw_images\home_appliances\023_1.jpg
Siera Réfrigérateur avec congélateur en haut 190L - Dp 27 Silver,https://www.jumia.ma/customer/account/login/?tkWl=SI498HA0PVPP9NAFAMZ-54134401&return=%2Fmlp-electromenager%2F%3Fpage%3D1,https://ma.jumia.is/unsafe/fit-in/300x300/filters:fill(white)/product/43/470045/1.jpg?4510,home_appliances,300,300,data\raw_images\home_appliances\024_1.jpg
Elite Robot Cuisine Pétrin 5 LITRES 1300W.,https://www.jumia.ma/customer/account/login/?tkWl=EL344HA1ECN5GNAFAMZ-70107636&return=%2Fmlp-electromenager%2F%3Fpage%3D1,https://ma.jumia.is/unsafe/fit-in/300x300/filters:fill(white)/product/84/570676/1.jpg?8241,home_appliances,300,300,data\raw_images\home_appliances\025_1.jpg
Kraft line Pack Mixeur plongeant 4 en 1 (Hand Blender) 500W,https://www.jumia.ma/customer/account/login/?tkWl=KR860HA0V94DONAFAMZ-70145727&return=%2Fmlp-electromenager%2F%3Fpage%3D1,https://ma.jumia.is/unsafe/fit-in/300x300/filters:fill(white)/product/52/493676/1.jpg?5161,home_appliances,300,300,data\raw_images\home_appliances\026_1.jpg
Rowenta ASPIRATEUR BALAI SANS FIL FLEX X-PERT 7.60 RH6A42WO,https://www.jumia.ma/customer/account/login/?tkWl=RO265HA09CIXYNAFAMZ-69308016&return=%2Fmlp-electromenager%2F%3Fpage%3D1,https://ma.jumia.is/unsafe/fit-in/300x300/filters:fill(white)/product/15/700966/1.jpg?2700,home_appliances,300,300,data\raw_images\home_appliances\027_1.jpg
"Kr”hler Bouilloire électrique 1,5L 2200W",https://www.jumia.ma/customer/account/login/?tkWl=KR249HA0NLY7ONAFAMZ-46820782&return=%2Fmlp-electromenager%2F%3Fpage%3D1,https://ma.jumia.is/unsafe/fit-in/300x300/filters:fill(white)/product/39/655284/1.jpg?7406,home_appliances,300,300,data\raw_images\home_appliances\028_1.jpg
Taurus Appareil à Pop-corn 1100W - Rouge Ferrari  2ans de garantie,https://www.jumia.ma/customer/account/login/?tkWl=TA867HL1LAEOBNAFAMZ-3514457&return=%2Fmlp-electromenager%2F%3Fpage%3D1,https://ma.jumia.is/unsafe/fit-in/300x300/filters:fill(white)/product/96/223691/1.jpg?2592,home_appliances,300,300,data\raw_images\home_appliances\029_1.jpg
"Moulinex Presse-Agrume PC300B10 - 0.6L - 2 filtres, rotation 2 sens",https://www.jumia.ma/customer/account/login/?tkWl=MO216HA112AUVNAFAMZ-58162610&return=%2Fmlp-electromenager%2F%3Fpage%3D1,https://ma.jumia.is/unsafe/fit-in/300x300/filters:fill(white)/product/62/253175/1.jpg?8619,home_appliances,300,300,data\raw_images\home_appliances\030_1.jpg
"Gaufrier électrique en granit 750W , Appareil à Gaufres Antiadhésive, Machine à Gaufres",https://www.jumia.ma/customer/account/login/?tkWl=GE232HA1HR290NAFAMZ-69660456&return=%2Fmlp-electromenager%2F%3Fpage%3D1,https://ma.jumia.is/unsafe/fit-in/300x300/filters:fill(white)/product/90/282276/1.jpg?3188,home_appliances,300,300,data\raw_images\home_appliances\031_1.jpg
Lamacom Grille/planche de cuisson 90x23cm antiadhésif électrique 2000W,https://www.jumia.ma/customer/account/login/?tkWl=LA347HA0N76XWNAFAMZ-68080804&return=%2Fmlp-electromenager%2F%3Fpage%3D1,https://ma.jumia.is/unsafe/fit-in/300x300/filters:fill(white)/product/38/966756/1.jpg?0614,home_appliances,300,300,data\raw_images\home_appliances\032_1.jpg
Lamacom Grille/planche de cuisson 90x23cm antiadhésif électrique 2000W,https://www.jumia.ma/customer/account/login/?tkWl=LA347HA0GFP4QNAFAMZ-68669977&return=%2Fmlp-electromenager%2F%3Fpage%3D1,https://ma.jumia.is/unsafe/fit-in/300x300/filters:fill(white)/product/27/606266/1.jpg?6768,home_appliances,300,300,data\raw_images\home_appliances\033_1.jpg
BLACK+DECKER Cuiseur à oeufs 6 œufs + 2 Poêles à œufs (eg200-b5),https://www.jumia.ma/customer/account/login/?tkWl=BL066HA07BNSCNAFAMZ-67418514&return=%2Fmlp-electromenager%2F%3Fpage%3D1,https://ma.jumia.is/unsafe/fit-in/300x300/filters:fill(white)/product/12/301356/1.jpg?9463,home_appliances,300,300,data\raw_images\home_appliances\034_1.jpg
schlëizer Friteuse sans huile - 14L - Air fryer tactile - 10 programmes - 2400W,https://www.jumia.ma/customer/account/login/?tkWl=SC670HA0BVGK8NAFAMZ-70031614&return=%2Fmlp-electromenager%2F%3Fpage%3D1,https://ma.jumia.is/unsafe/fit-in/300x300/filters:fill(white)/product/19/943576/1.jpg?7651,home_appliances,300,300,data\raw_images\home_appliances\035_1.jpg
"Moulin à Café électrique, Machine à Moudre Grains Herbes Epices Céréales",https://www.jumia.ma/customer/account/login/?tkWl=GE232HA053IP0NAFAMZ-69658746&return=%2Fmlp-electromenager%2F%3Fpage%3D1,https://ma.jumia.is/unsafe/fit-in/300x300/filters:fill(white)/product/08/562276/1.jpg?9181,home_appliances,300,300,data\raw_images\home_appliances\036_1.jpg
Tefal Panini Grill Toast Expert,https://www.jumia.ma/customer/account/login/?tkWl=TE319HA1KGI8RNAFAMZ-53627367&return=%2Fmlp-electromenager%2F%3Fpage%3D1,https://ma.jumia.is/unsafe/fit-in/300x300/filters:fill(white)/product/94/828635/1.jpg?3643,home_appliances,300,300,data\raw_images\home_appliances\037_1.jpg
bonana Blender mixeur smoothie -  5 Vitesses -  3 en 1 - 1200W,https://www.jumia.ma/customer/account/login/?tkWl=BO908HA0WD3EENAFAMZ-66678587&return=%2Fmlp-electromenager%2F%3Fpage%3D1,https://ma.jumia.is/unsafe/fit-in/300x300/filters:fill(white)/product/54/358646/1.jpg?1589,home_appliances,300,300,data\raw_images\home_appliances\038_1.jpg
"Kenz Aspirateur 3 en 1 à main, à fil, technologie sans sac cyclonique 2000W",https://www.jumia.ma/customer/account/login/?tkWl=KE402HA0NNCIKNAFAMZ-69881939&return=%2Fmlp-electromenager%2F%3Fpage%3D1,https://ma.jumia.is/unsafe/fit-in/300x300/filters:fill(white)/product/39/720476/1.jpg?2605,home_appliances,300,300,data\raw_images\home_appliances\039_1.jpg
Roch Friteuse sans Huile - Airfryer - 8 Programmes - 8 Litres,https://www.jumia.ma/customer/account/login/?tkWl=RO725HA1FUHVWNAFAMZ-69671552&return=%2Fmlp-electromenager%2F%3Fpage%3D1,https://ma.jumia.is/unsafe/fit-in/300x300/filters:fill(white)/product/87/083276/1.jpg?1765,home_appliances,300,300,data\raw_images\home_appliances\040_1.jpg
Goldenstar Mini Machine à Laver 2.5 Kg Semi-Automatique – Noir,https://www.jumia.ma/customer/account/login/?tkWl=GO136HA14CE0KNAFAMZ-70132053&return=%2Fmlp-electromenager%2F%3Fpage%3D2,https://ma.jumia.is/unsafe/fit-in/300x300/filters:fill(white)/product/67/762676/1.jpg?1519,home_appliances,300,300,data\raw_images\home_appliances\041_1.jpg
Tefal HACHOIR MANUEL K1320404 900ML,https://www.jumia.ma/customer/account/login/?tkWl=TE319HA0S62QYNAFAMZ-66721527&return=%2Fmlp-electromenager%2F%3Fpage%3D2,https://ma.jumia.is/unsafe/fit-in/300x300/filters:fill(white)/product/47/312746/1.jpg?1705,home_appliances,300,300,data\raw_images\home_appliances\042_1.jpg
Taurus Presse agrume EASY PRESS 1000 Légende - 2ans de garantie,https://www.jumia.ma/taurus-presse-agrume-easy-press-1000-legende-2ans-de-garantie-65743963.html,https://ma.jumia.is/unsafe/fit-in/300x300/filters:fill(white)/product/36/934756/1.jpg?7725,home_appliances,300,300,data\raw_images\home_appliances\043_1.jpg
Taurus Presse Orange Tc500 sélecteur de pulpe Système Anti-Gouttes -2ans de garantie,https://www.jumia.ma/customer/account/login/?tkWl=TA867HA1F39MFNAFAMZ-56641307&return=%2Fmlp-electromenager%2F%3Fpage%3D2,https://ma.jumia.is/unsafe/fit-in/300x300/filters:fill(white)/product/85/812855/1.jpg?9580,home_appliances,300,300,data\raw_images\home_appliances\044_1.jpg
Taurus Blender LIMA NOIR Mixeur Bol en plastique 400 2 vitesses +TURBO 1.5L 4 lames- 2ans de garantie,https://www.jumia.ma/taurus-blender-lima-noir-mixeur-bol-en-plastique-400-2-vitesses-turbo-1.5l-4-lames-2ans-de-garantie-65855022.html,https://ma.jumia.is/unsafe/fit-in/300x300/filters:fill(white)/product/22/055856/1.jpg?0946,home_appliances,300,300,data\raw_images\home_appliances\045_1.jpg
"Moulinex BOUILLOIRE MATIN BY2M NOIR 1,7L",https://www.jumia.ma/moulinex-bouilloire-matin-by2m-noir-17l-63676659.html,https://ma.jumia.is/unsafe/fit-in/300x300/filters:fill(white)/product/95/667636/1.jpg?6083,home_appliances,300,300,data\raw_images\home_appliances\046_1.jpg
Elite Presse Orange 700ML 40W.,https://www.jumia.ma/customer/account/login/?tkWl=EL344HA1KAZ78NAFAMZ-70107637&return=%2Fmlp-electromenager%2F%3Fpage%3D2,https://ma.jumia.is/unsafe/fit-in/300x300/filters:fill(white)/product/94/570676/1.jpg?8136,home_appliances,300,300,data\raw_images\home_appliances\047_1.jpg
Kraft line Blender 1.25L Multifonction 3 en 1 - Mixeur + Moulin ? Compact et Puissant (KF-350 ).,https://www.jumia.ma/customer/account/login/?tkWl=KR860HA18YBPCNAFAMZ-70037689&return=%2Fmlp-electromenager%2F%3Fpage%3D2,https://ma.jumia.is/unsafe/fit-in/300x300/filters:fill(white)/product/75/504576/1.jpg?3123,home_appliances,300,300,data\raw_images\home_appliances\048_1.jpg
Royal Cuiseur d'œufs EB6405 Cuiseurs à vapeur 1 à 7 œufs,https://www.jumia.ma/customer/account/login/?tkWl=RO663HA1CA2Q0NAFAMZ-67871425&return=%2Fmlp-electromenager%2F%3Fpage%3D2,https://ma.jumia.is/unsafe/fit-in/300x300/filters:fill(white)/product/81/091656/1.jpg?2679,home_appliances,300,300,data\raw_images\home_appliances\049_1.jpg
"Taurus Panini multifonction CHICAGO WHITE, appareil à sandwichs 1200W-2 ans de garantie",https://www.jumia.ma/customer/account/login/?tkWl=TA867HA1ICUHINAFAMZ-66683034&return=%2Fmlp-electromenager%2F%3Fpage%3D2,https://ma.jumia.is/unsafe/fit-in/300x300/filters:fill(white)/product/91/298646/1.jpg?5312,home_appliances,300,300,data\raw_images\home_appliances\050_1.jpg
Taurus Four électrique Horizon 10L  noir multifonction haut qualité-2ans de garantie,https://www.jumia.ma/customer/account/login/?tkWl=TA867HA1B2IY0NAFAMZ-63224659&return=%2Fmlp-electromenager%2F%3Fpage%3D2,https://ma.jumia.is/unsafe/fit-in/300x300/filters:fill(white)/product/79/059816/1.jpg?6095,home_appliances,300,300,data\raw_images\home_appliances\051_1.jpg
Moulinex Blendforce +chopper XL 600W Noir LM42X8M2,https://www.jumia.ma/customer/account/login/?tkWl=MO216HA0S84AQNAFAMZ-68472131&return=%2Fmlp-electromenager%2F%3Fpage%3D2,https://ma.jumia.is/unsafe/fit-in/300x300/filters:fill(white)/product/47/408066/1.jpg?2063,home_appliances,300,300,data\raw_images\home_appliances\052_1.jpg
"Gaufrier électrique en granit 750W , Appareil à Gaufres Antiadhésive, Machine à Gaufres, Préparez des Gaufres Délicieuses",https://www.jumia.ma/customer/account/login/?tkWl=GE232HA1FNM78NAFAMZ-69658942&return=%2Fmlp-electromenager%2F%3Fpage%3D2,https://ma.jumia.is/unsafe/fit-in/300x300/filters:fill(white)/product/86/762276/1.jpg?8626,home_appliances,300,300,data\raw_images\home_appliances\053_1.jpg
"Hermann Aspirateur 4 en 1 à main 1800W //à fil, technologie sans sac cyclonique",https://www.jumia.ma/customer/account/login/?tkWl=GE232HA0N4RWKNAFAMZ-68290616&return=%2Fmlp-electromenager%2F%3Fpage%3D2,https://ma.jumia.is/unsafe/fit-in/300x300/filters:fill(white)/product/38/853956/1.jpg?2764,home_appliances,300,300,data\raw_images\home_appliances\054_1.jpg
"Taurus Friteuse Air Fryer double panier verticale sans huile à 2 tiroirs 2800w 2 grilles, design compact, capacité de 11L, 10 programmes  de Cuisson-2ans de garantie",https://www.jumia.ma/taurus-friteuse-air-fryer-double-panier-verticale-sans-huile-a-2-tiroirs-2800w-2-grilles-design-compact-capacite-de-11l-10-programmes-de-cuisson-2ans-de-garantie-67089293.html,https://ma.jumia.is/unsafe/fit-in/300x300/filters:fill(white)/product/39/298076/1.jpg?1015,home_appliances,300,300,data\raw_images\home_appliances\055_1.jpg
Kraft line Mixeur plongeant 2 en 1 (Hand Blender) 500W,https://www.jumia.ma/customer/account/login/?tkWl=KR860HA0DE48CNAFAMZ-70145724&return=%2Fmlp-electromenager%2F%3Fpage%3D2,https://ma.jumia.is/unsafe/fit-in/300x300/filters:fill(white)/product/22/493676/1.jpg?5157,home_appliances,300,300,data\raw_images\home_appliances\056_1.jpg
Taurus Aspirateur balai sans fil Batterie 22.2V CROSSBACK DIGITAL GLOW-2ans de garantie,https://www.jumia.ma/customer/account/login/?tkWl=TA867HA19WN3INAFAMZ-66640319&return=%2Fmlp-electromenager%2F%3Fpage%3D2,https://ma.jumia.is/unsafe/fit-in/300x300/filters:fill(white)/product/77/105646/1.jpg?4593,home_appliances,300,300,data\raw_images\home_appliances\057_1.jpg
"Taurus Blender  MEXICO 500 +moulin bol en plastique1.5L,500w 4 lames-2ans de garantie",https://www.jumia.ma/customer/account/login/?tkWl=TA867HA01OSJONAFAMZ-67519684&return=%2Fmlp-electromenager%2F%3Fpage%3D2,https://ma.jumia.is/unsafe/fit-in/300x300/filters:fill(white)/product/02/836356/1.jpg?9978,home_appliances,300,300,data\raw_images\home_appliances\058_1.jpg
Kumtel Friteuse sans huile 1500Watts - Air fryer - Taille XXL - 8 programmes,https://www.jumia.ma/air-fryer-friteuse-kumtel-mpg1398081.html,https://ma.jumia.is/unsafe/fit-in/300x300/filters:fill(white)/product/31/567026/1.jpg?3397,home_appliances,300,300,data\raw_images\home_appliances\059_1.jpg
Kraft line Aspirateur Eau et Poussière KRAFTLINE 25 Litres – 2500W (AS-8812),https://www.jumia.ma/customer/account/login/?tkWl=KR860HA168AGANAFAMZ-69097985&return=%2Fmlp-electromenager%2F%3Fpage%3D2,https://ma.jumia.is/unsafe/fit-in/300x300/filters:fill(white)/product/70/930666/1.jpg?2583,home_appliances,300,300,data\raw_images\home_appliances\060_1.jpg
Chapeau de Bruleur Gaz- Lot de 4 Brûleurs à Gaz (Couronne et Flamme) Universelle,https://www.jumia.ma/customer/account/login/?tkWl=GE232HA17O1I0NAFAMZ-69579347&return=%2Fmlp-electromenager%2F%3Fpage%3D2,https://ma.jumia.is/unsafe/fit-in/300x300/filters:fill(white)/product/73/345176/1.jpg?9204,home_appliances,300,300,data\raw_images\home_appliances\061_1.jpg
Taurus Extracteur de Jus Fruits & Légumes 200W système anti-goutte - 2ans de garantie,https://www.jumia.ma/customer/account/login/?tkWl=TA867HA09YV5MNAFAMZ-63627848&return=%2Fmlp-electromenager%2F%3Fpage%3D2,https://ma.jumia.is/unsafe/fit-in/300x300/filters:fill(white)/product/16/743226/1.jpg?0619,home_appliances,300,300,data\raw_images\home_appliances\062_1.jpg
Tefal FRITEUSE FLEX DUAL EASY FRY 9L NOIR EY9228E0,https://www.jumia.ma/customer/account/login/?tkWl=TE319HA1HEJSCNAFAMZ-69979135&return=%2Fmlp-electromenager%2F%3Fpage%3D2,https://ma.jumia.is/unsafe/fit-in/300x300/filters:fill(white)/product/89/698476/1.jpg?5887,home_appliances,300,300,data\raw_images\home_appliances\063_1.jpg
schlëizer Robot Mixeur plongeant - 4 en 1 - 700W - 2 vitesses,https://www.jumia.ma/customer/account/login/?tkWl=SC670HA0038VONAFAMZ-69898684&return=%2Fmlp-electromenager%2F%3Fpage%3D2,https://ma.jumia.is/unsafe/fit-in/300x300/filters:fill(white)/product/00/151476/1.jpg?5943,home_appliances,300,300,data\raw_images\home_appliances\064_1.jpg
FIZLER planche de cuisson 90cm antiadhésif électrique 2000w,https://www.jumia.ma/customer/account/login/?tkWl=FI105HA043NQ0NAFAMZ-69629147&return=%2Fmlp-electromenager%2F%3Fpage%3D2,https://ma.jumia.is/unsafe/fit-in/300x300/filters:fill(white)/product/06/889176/1.jpg?7752,home_appliances,300,300,data\raw_images\home_appliances\065_1.jpg
Taurus Friteuse à air sans huile AIR FRYER MAX FRY 12 programmes XXL 5.5L - 2ans de garantie,https://www.jumia.ma/customer/account/login/?tkWl=TA867HA0ZADNUNAFAMZ-64325124&return=%2Fmlp-electromenager%2F%3Fpage%3D2,https://ma.jumia.is/unsafe/fit-in/300x300/filters:fill(white)/product/59/270826/1.jpg?0533,home_appliances,300,300,data\raw_images\home_appliances\066_1.jpg
"Aspirateur Sans Fil Tout-Terrain : Sols, Tapis et Recoins",https://www.jumia.ma/customer/account/login/?tkWl=GE232HA1ALCGQNAFAMZ-68703115&return=%2Fmlp-electromenager%2F%3Fpage%3D2,https://ma.jumia.is/unsafe/fit-in/300x300/filters:fill(white)/product/78/258266/1.jpg?6513,home_appliances,300,300,data\raw_images\home_appliances\067_1.jpg
Mini mélangeur de café électrique inoxydable Mixeur à lait crème Batteur à oeufs,https://www.jumia.ma/customer/account/login/?tkWl=GE232HA1IH9QTNAFAMZ-54201974&return=%2Fmlp-electromenager%2F%3Fpage%3D2,https://ma.jumia.is/unsafe/fit-in/300x300/filters:fill(white)/product/91/505045/1.jpg?2424,home_appliances,300,300,data\raw_images\home_appliances\068_1.jpg
"Taurus Aspirateur Homeland  Animal de cyclone d'origine Noir, Bleu, Or sans Sac batterie 800w-2ans de garantie",https://www.jumia.ma/taurus-aspirateur-homeland-animal-de-cyclone-dorigine-noir-bleu-or-sans-sac-batterie-800w-2ans-de-garantie-65745250.html,https://ma.jumia.is/unsafe/fit-in/300x300/filters:fill(white)/product/05/254756/1.jpg?3070,home_appliances,300,300,data\raw_images\home_appliances\069_1.jpg
"Severin KG2394 Grill Panini – Appareil Panini Multifonction 800 W avec Plaques Antiadhésives, Format Compact pour Sandwichs, Paninis, Viandes et Légumes, Ouverture à 180°, Nettoyage Facile",https://www.jumia.ma/customer/account/login/?tkWl=SE286HA0SSMBMNAFAMZ-66519172&return=%2Fmlp-electromenager%2F%3Fpage%3D2,https://ma.jumia.is/unsafe/fit-in/300x300/filters:fill(white)/product/48/364546/1.jpg?8427,home_appliances,300,300,data\raw_images\home_appliances\070_1.jpg
"Mini machine à laver, Lave-linge Compact et Pliable Idéal pour les Petits Espaces pliable portable",https://www.jumia.ma/customer/account/login/?tkWl=GE232HA05RA2WNAFAMZ-68137805&return=%2Fmlp-electromenager%2F%3Fpage%3D2,https://ma.jumia.is/unsafe/fit-in/300x300/filters:fill(white)/product/09/670856/1.jpg?9381,home_appliances,300,300,data\raw_images\home_appliances\071_1.jpg
schlëizer Hachoir électrique professionnel - Fonction Manuel - 1400Watts - 2bols Inox et verre,https://www.jumia.ma/customer/account/login/?tkWl=SC670HA113G1YNAFAMZ-69050464&return=%2Fmlp-electromenager%2F%3Fpage%3D2,https://ma.jumia.is/unsafe/fit-in/300x300/filters:fill(white)/product/62/306566/1.jpg?7023,home_appliances,300,300,data\raw_images\home_appliances\072_1.jpg
50 doublures jetables en papier sulfurisé pratique,https://www.jumia.ma/customer/account/login/?tkWl=GE232HA0DULKWNAFAMZ-67885672&return=%2Fmlp-electromenager%2F%3Fpage%3D2,https://ma.jumia.is/unsafe/fit-in/300x300/filters:fill(white)/product/23/262656/1.jpg?7852,home_appliances,300,300,data\raw_images\home_appliances\073_1.jpg
Russell Hobbs BALAI A VAPEUR STEAM & CLEAN STEAM MOP,https://www.jumia.ma/customer/account/login/?tkWl=RU266HA0KU5X5NAFAMZ-33607949&return=%2Fmlp-electromenager%2F%3Fpage%3D2,https://ma.jumia.is/unsafe/fit-in/300x300/filters:fill(white)/product/34/999673/1.jpg?2233,home_appliances,300,300,data\raw_images\home_appliances\074_1.jpg
General Presse À Panini Polyvalente.,https://www.jumia.ma/customer/account/login/?tkWl=GE570HA1KMSCSNAFAMZ-70114365&return=%2Fmlp-electromenager%2F%3Fpage%3D2,https://ma.jumia.is/unsafe/fit-in/300x300/filters:fill(white)/product/95/121676/1.jpg?9745,home_appliances,300,300,data\raw_images\home_appliances\075_1.jpg
Goldenstar Air Fryer 8.5L - Manuel – AF-8501S,https://www.jumia.ma/customer/account/login/?tkWl=GO136HA0W6YQSNAFAMZ-70132321&return=%2Fmlp-electromenager%2F%3Fpage%3D2,https://ma.jumia.is/unsafe/fit-in/300x300/filters:fill(white)/product/54/072676/1.jpg?1735,home_appliances,300,300,data\raw_images\home_appliances\076_1.jpg
Deutschmann Bouilloire électrique verre Haut qualité capacité 1.8 litre,https://www.jumia.ma/customer/account/login/?tkWl=DE403HA1CHYO8NAFAMZ-67988272&return=%2Fmlp-electromenager%2F%3Fpage%3D2,https://ma.jumia.is/unsafe/fit-in/300x300/filters:fill(white)/product/81/459656/1.jpg?9304,home_appliances,300,300,data\raw_images\home_appliances\077_1.jpg
Moulinex Presse-agrumes PC603D10 VITAPRESS Direct Serve - 3 cônes - 100 W,https://www.jumia.ma/customer/account/login/?tkWl=MO216HA00ZVXLNAFAMZ-54570176&return=%2Fmlp-electromenager%2F%3Fpage%3D2,https://ma.jumia.is/unsafe/fit-in/300x300/filters:fill(white)/product/01/674345/1.jpg?4784,home_appliances,300,300,data\raw_images\home_appliances\078_1.jpg
Bosch MINI HACHOIR MMR08R2 ROUGE 400W Couteau inox multifonction,https://www.jumia.ma/customer/account/login/?tkWl=BO070HL00251ONAFAMZ-13150046&return=%2Fmlp-electromenager%2F%3Fpage%3D2,https://ma.jumia.is/unsafe/fit-in/300x300/filters:fill(white)/product/00/099852/1.jpg?4153,home_appliances,300,300,data\raw_images\home_appliances\079_1.jpg
Tefal Panini Grill Toast Expert 1800w Noir GC1918TR,https://www.jumia.ma/customer/account/login/?tkWl=TE319HA1J8J2MNAFAMZ-66885795&return=%2Fmlp-electromenager%2F%3Fpage%3D2,https://ma.jumia.is/unsafe/fit-in/300x300/filters:fill(white)/product/92/776846/1.jpg?2645,home_appliances,300,300,data\raw_images\home_appliances\080_1.jpg
Moulinex Four Elec Optimo 39l 2000w Noir OX484810,https://www.jumia.ma/customer/account/login/?tkWl=MO216HA1N7G2CNAFAMZ-68049070&return=%2Fmlp-electromenager%2F%3Fpage%3D3,https://ma.jumia.is/unsafe/fit-in/300x300/filters:fill(white)/product/99/444756/1.jpg?0725,home_appliances,300,300,data\raw_images\home_appliances\081_1.jpg
"Bosch MSM2650B Mixeur plongeant 3en1,blender, batteur et hachoir ,noir ,600w ,système QuattroBlade",https://www.jumia.ma/customer/account/login/?tkWl=BO070HA19PO63NAFAMZ-27418085&return=%2Fmlp-electromenager%2F%3Fpage%3D3,https://ma.jumia.is/unsafe/fit-in/300x300/filters:fill(white)/product/76/780443/1.jpg?4506,home_appliances,300,300,data\raw_images\home_appliances\082_1.jpg
Lamacom Cuiseur Vapeur Electrique 3 étages - 800W Look-in,https://www.jumia.ma/cuiseur-vapeur-electrique-3-etages-800w-look-in-lamacom-mpg1447243.html,https://ma.jumia.is/unsafe/fit-in/300x300/filters:fill(white)/product/52/319924/1.jpg?3688,home_appliances,300,300,data\raw_images\home_appliances\083_1.jpg
Moulinex YAOURTIERE YOGURTEO 7POTS YG231E32,https://www.jumia.ma/customer/account/login/?tkWl=MO216HA0AJC8CNAFAMZ-69979107&return=%2Fmlp-electromenager%2F%3Fpage%3D3,https://ma.jumia.is/unsafe/fit-in/300x300/filters:fill(white)/product/17/698476/1.jpg?5752,home_appliances,300,300,data\raw_images\home_appliances\084_1.jpg
Taurus Robot pétrin multifonctions Perfecta 1200w-5L 2ans de garantie,https://www.jumia.ma/customer/account/login/?tkWl=TA867HA0G4R3FNAFAMZ-60713652&return=%2Fmlp-electromenager%2F%3Fpage%3D3,https://ma.jumia.is/unsafe/fit-in/300x300/filters:fill(white)/product/27/095595/1.jpg?0574,home_appliances,300,300,data\raw_images\home_appliances\085_1.jpg
Taurus Barbecue GALEXIA PREMIUM Plancha Pierre anti-adhésive 2200w-2ans de garantie,https://www.jumia.ma/customer/account/login/?tkWl=TA867HL0M7GEINAFAMZ-4630049&return=%2Fmlp-electromenager%2F%3Fpage%3D3,https://ma.jumia.is/unsafe/fit-in/300x300/filters:fill(white)/product/37/299402/1.jpg?9321,home_appliances,300,300,data\raw_images\home_appliances\086_1.jpg
Rowenta Nettoyeur vapeur avec fil Steam Power 1200W,https://www.jumia.ma/customer/account/login/?tkWl=RO265HA199XU4NAFAMZ-69950965&return=%2Fmlp-electromenager%2F%3Fpage%3D3,https://ma.jumia.is/unsafe/fit-in/300x300/filters:fill(white)/product/76/046476/1.jpg?5573,home_appliances,300,300,data\raw_images\home_appliances\087_1.jpg
Taurus Panini Grill Asteria plancha et Appareil à Sandwich 2200w -2ans de garantie,https://www.jumia.ma/customer/account/login/?tkWl=TA867HA0TWGW2NAFAMZ-66733966&return=%2Fmlp-electromenager%2F%3Fpage%3D3,https://ma.jumia.is/unsafe/fit-in/300x300/filters:fill(white)/product/50/223746/1.jpg?2851,home_appliances,300,300,data\raw_images\home_appliances\088_1.jpg
Daiko Grill panini en acier inoxydable antiadhésif en granite - 1400w - Noir,https://www.jumia.ma/daiko-grill-panini-en-acier-inoxydable-antiadhesif-en-granite-1400w-noir-60805500.html,https://ma.jumia.is/unsafe/fit-in/300x300/filters:fill(white)/product/00/550806/1.jpg?1960,home_appliances,300,300,data\raw_images\home_appliances\089_1.jpg
Tefal Plancha GEANTE 2300 W CB631,https://www.jumia.ma/customer/account/login/?tkWl=TE319HA19TOLWNAFAMZ-65443936&return=%2Fmlp-electromenager%2F%3Fpage%3D3,https://ma.jumia.is/unsafe/fit-in/300x300/filters:fill(white)/product/76/967636/1.jpg?3763,home_appliances,300,300,data\raw_images\home_appliances\090_1.jpg
Sharp Micro-Ondes - 20L - 800W - Silver écran digital fonction décongélation,https://www.jumia.ma/customer/account/login/?tkWl=SH287HA15ME0ONAFAMZ-68222578&return=%2Fmlp-electromenager%2F%3Fpage%3D3,https://ma.jumia.is/unsafe/fit-in/300x300/filters:fill(white)/product/69/908856/1.jpg?9146,home_appliances,300,300,data\raw_images\home_appliances\091_1.jpg
Mini Réfrigérateur 46 litres Mini Bar Haute Qualité - Mini Bar,https://www.jumia.ma/customer/account/login/?tkWl=RE001HA10RYZYNAFAMZ-66036688&return=%2Fmlp-electromenager%2F%3Fpage%3D3,https://ma.jumia.is/unsafe/fit-in/300x300/filters:fill(white)/product/61/771246/1.jpg?4472,home_appliances,300,300,data\raw_images\home_appliances\092_1.jpg
Mini mixeur plongeant à café ou lait batteur portable mini crémier Multicolour,https://www.jumia.ma/customer/account/login/?tkWl=GE232HA07F3MONAFAMZ-68148089&return=%2Fmlp-electromenager%2F%3Fpage%3D3,https://ma.jumia.is/unsafe/fit-in/300x300/filters:fill(white)/product/12/461856/1.jpg?8854,home_appliances,300,300,data\raw_images\home_appliances\093_1.jpg
"Taurus Bouilloire en inox Sharp 1500 W, 1,8L acier inoxydable - 2 ans de garantie",https://www.jumia.ma/customer/account/login/?tkWl=TA867HA08WFS8NAFAMZ-69746831&return=%2Fmlp-electromenager%2F%3Fpage%3D3,https://ma.jumia.is/unsafe/fit-in/300x300/filters:fill(white)/product/14/950376/1.jpg?2070,home_appliances,300,300,data\raw_images\home_appliances\094_1.jpg
Bosch TSM6A011W Moulin À Café Et Epices Moteur Très Puissant 180W Pour Une Mouture Parfaite Pour Mouture Parfaite Capacité 75 Grs Lames En Acier Inoxydable Qualité Allemande,https://www.jumia.ma/customer/account/login/?tkWl=BO070HA11589JNAFAMZ-35032004&return=%2Fmlp-electromenager%2F%3Fpage%3D3,https://ma.jumia.is/unsafe/fit-in/300x300/filters:fill(white)/product/62/389783/1.jpg?7724,home_appliances,300,300,data\raw_images\home_appliances\095_1.jpg
"Jata JEES1111 Mousseur À Lait 2 En 1 Double Rossort Livré Avec Support INOX Gratuit Mini Fouet Cappuccino, Thé Matcha, Smoothies Protéines Tige en Acier Inoxydable Très Puissant Et Silencieux Mélangeur Batteur à oeufs",https://www.jumia.ma/customer/account/login/?tkWl=JA146HA03H2IQNAFAMZ-68663126&return=%2Fmlp-electromenager%2F%3Fpage%3D3,https://ma.jumia.is/unsafe/fit-in/300x300/filters:fill(white)/product/05/835266/1.jpg?9117,home_appliances,300,300,data\raw_images\home_appliances\096_1.jpg
Roch Mini réfrigérateur - Mini Bar - Réfrigérateur vitrine 44L,https://www.jumia.ma/customer/account/login/?tkWl=RO725HA190VZ0NAFAMZ-67199410&return=%2Fmlp-electromenager%2F%3Fpage%3D3,https://ma.jumia.is/unsafe/fit-in/300x300/filters:fill(white)/product/75/624156/1.jpg?5087,home_appliances,300,300,data\raw_images\home_appliances\097_1.jpg
Kraft line Aspirateur Eau et Poussière KRAFTLINE 20L – 2500W (AS-8811),https://www.jumia.ma/customer/account/login/?tkWl=KR860HA0Q22HYNAFAMZ-69057584&return=%2Fmlp-electromenager%2F%3Fpage%3D3,https://ma.jumia.is/unsafe/fit-in/300x300/filters:fill(white)/product/43/766566/1.jpg?6045,home_appliances,300,300,data\raw_images\home_appliances\098_1.jpg
Taurus Friteuse sans huile - AIR FRY DIGITAL GRILL - 8 programmes XXL -12 Litres,https://www.jumia.ma/customer/account/login/?tkWl=TA867HA0AUUSINAFAMZ-66756123&return=%2Fmlp-electromenager%2F%3Fpage%3D3,https://ma.jumia.is/unsafe/fit-in/300x300/filters:fill(white)/product/18/235746/1.jpg?7862,home_appliances,300,300,data\raw_images\home_appliances\099_1.jpg
pack 50 feuilles de papier air léger de haute qualité,https://www.jumia.ma/customer/account/login/?tkWl=GE232HA08WTL6NAFAMZ-68705044&return=%2Fmlp-electromenager%2F%3Fpage%3D3,https://ma.jumia.is/unsafe/fit-in/300x300/filters:fill(white)/product/14/968266/1.jpg?2877,home_appliances,300,300,data\raw_images\home_appliances\100_1.jpg
